Sample,ZNF609,LOC283267,LOC653324,LOC100132510,LOC389286,LMTK3,LOC728602,LOC100130154,LOC100132728,LOC646821,LOC100128498,GPR68,CABIN1,LOC648740,PRKCA,ZNF148,LOC646949,LOC100130332,DYRK2,TMSB4X,P704P,SPOCK2,LOC653737,LOC400652,KDM1B,LOC730746,IGF2BP3,C14orf11,NPAT,HIPK2,CLEC12B,LOC654074,C1orf71,LOC440525,LOC727848,FCGR1C,TNIK,CCDC82,SNORD13,FAM26F,LOC389342,PIK3AP1,NUDT2,FCGR1B,PRIM2,PIK3CG,RNU4ATAC,LOC649330,LOC649839,MAST3,LOC645351,CARD16,SNORA12,LOC728310,LOC390876,LOC147804,LOC729687,LOC648343,LOC644037,GBP3,LOC729342,NDUFA5,LOC642076,LOC100130289,LOC648733,CTSL1,PKN2,C5orf41,BLNK,LOC647908,UHMK1,FCGR1A,SELPLG,LOC649801,LOC100130624,LOC642567,SNORD62B,LOC441032,LOC644642,D4S234E,LOC100129067,LOC728207,C9orf130,CARD17,LOC648863,DSC2,LOC100132425,PIK3IP1,BCL2A1,PPIB,CD274,LOC100132761,LOC402221,KLRB1,TLR5,RYBP,LOC100131718,CLEC12A,LOC439992,LOC646909,LOC651919,IRS2,IL7R,LOC100128460,VWF,MPL,TRA1P2,LOC100132199,CXorf21,MS4A2,PARP9,TYMP,IFI16,LOC391769,TTRAP,LOC647074,DDX3Y,LOC387934,SIDT2,TARP,JAM3,LOC728744,C14orf82,MIR1974,FCGR2C,MIR574,C11orf75,TNFAIP6,TMEM51,CRIP2,LOC643882,PSG9,C19orf59,LOC643779,LOC652113,GSTM2,LGALS3BP,SDPR,LOC642073,AIM2,USP6,LOC389386,IRF5,LOC648984,PLSCR1,NHLRC4,LOC643007,SERPING1,TMEM106A,NELL2,Condition
GSM1033105,6.610076075,7.3012582,7.286044729,8.232130918,7.444880888,6.249737694,7.728718125,11.1961171,5.898281081,7.72360126,7.124299822,6.112085651,7.400094099,8.045604142,7.698164168,9.277758824,8.611402065,5.4821739130000005,7.60800673575,11.091721230000001,9.352948559,10.77700284,10.562682979,7.935916049,6.91032271,8.268036614,8.093017989,8.310075271,6.830354749,7.263483235,5.515056414,8.560573661,9.683068808,8.464908698,7.267148573,8.119116451,6.377192707,6.689708114,8.850514905,10.0486512,12.19315093,10.62004438,7.2985351204999995,8.315038876500001,6.334097068,8.685889929,6.935215454,8.516698492,9.962284517,8.98613454,7.227617868,9.464451723333333,9.584377399,6.161934757,6.550576476,9.431502297,8.877136294,10.06032858,8.550282012,8.131191771,8.248598923,7.373307639,9.969066564,8.8368184930000009,6.079570852,6.529956969666666,8.568092795,10.081890389000002,7.627134481,6.739822278,6.632614387,8.502802966,7.166957862,8.955557656,8.286504002500001,10.76065604,6.553557348,6.672217308,8.382011575,6.835414665,8.054727599,7.13164136,8.247469818,6.5045176950000005,8.47096287,8.351777629,9.895402473,9.17157391,10.14517372,9.644413099,5.938104514,5.3400653975,11.2944283,11.26099928,8.562505131,9.496100469,10.53671855,8.071264725499999,6.749988707,9.71592394,8.019246103,8.450683189,9.867552894,7.446046741,6.506223033,7.924611437,9.676698607,9.271315568,8.0765678285,6.492776932,10.180709467,8.807751446000001,11.45733103,7.712519077,9.8691326135,8.023446354,8.034168502,8.238550677,9.752163359,8.378535749,7.798716686,6.389466749,7.268398961,10.61772699,7.217823154,8.157077233,8.318431876,8.952500959,5.930140572,6.540914899,7.247327048,7.667903805,8.722434547,8.59017415,8.458366924,6.8635727545,6.076131093,10.37030783,9.849641922,8.084173948,8.616318536,7.0309127845,5.835688510500001,8.253708937,8.474371507,7.106985185,10.38827542,6.50750458,9.207577748,8.906287304,ASD
GSM1033106,6.66052846,7.270981477,7.538848338,8.215510597,7.436093791,6.085868339,7.750818668499999,11.2628077,6.010080735,7.898190746,7.131398442,6.08215805,7.595864421,8.453644658,7.74807142,9.349485604,9.580893134,5.873781419,7.81968512725,11.408907791,9.578052448,11.04028675,10.588176682,8.553081739,7.296120103,8.744507777,7.278397422,8.443625519,7.078517261,7.100161373,5.687630766,9.034908585,9.776190769,8.198436068,7.482094906,6.965004036,6.829647294,7.028443388,9.278408209,10.47971456,12.193101785,10.36607127,7.404187933499999,7.255625105,6.448778952,8.65684078,6.811211646,8.698261876,10.59112056,9.172646493,7.382876792,9.193270751666667,9.750084155,6.471582473,7.143944404,9.483393101,9.301161177,11.10042001,9.072921759,7.886073412,8.872440421,7.732709177,9.958166316,8.92519571,6.390384429,6.519761629666666,8.579779749,10.074963764,7.636668089,6.811000774,6.507340065,6.974568297,6.932115101,8.916775932,8.798644123999999,10.57120349,6.862462801,7.209444643,8.771088909,7.13820408,8.537012472,7.540978433,8.558518524,5.9327550085,8.401194868,7.3491905985,9.719318183,9.673017593,9.442959151,8.658115832,5.197964343,5.818606452,11.64459301,10.94517686,7.854060181,9.566293625,11.2944283,8.03729427775,6.779932676,10.252716185,7.878789204,8.350362817,10.749607078499999,7.33092988,6.00503915,6.964523953,8.681152317,9.661116426,7.8442698155,6.139156057,8.9906541815,8.0981859705,10.82280154,7.147882837,9.544926590500001,8.355637147,8.740602288,7.865060681,9.613702269,7.952712632,7.524190536,5.671706957,7.355876821,10.56648512,6.709222488,8.156891397,8.685019476,7.243689318,6.247772964,6.388941128,7.991096926,7.011126054,8.135106906,8.952627942,7.081973025,7.563633491500001,6.366927147,9.891428348,9.770833676,6.910205088,8.229276708,6.4330283825,5.824328550500001,7.819994061,7.12302552,7.816202316,11.18887039,5.9285884945,9.752953497,9.053288115,ASD
GSM1033107,6.723434512,7.396299143,7.276368223,7.987634336,7.621435546,6.696857562,7.532994458,11.04817294,6.006680322,7.915037024,6.891145202,6.069929559,7.828057583,8.437679948,8.232130918,9.241306706,9.78827673,6.3384804765,8.186003423499999,11.089682466500001,9.34889606,11.64225432,11.1735504295,8.193445061,6.223339243,8.145251705,7.522213326,7.974296355,7.301000911,7.104549562,5.441794673,8.558922766,10.08007617,7.673559158,7.236431003,6.78756992,6.691811235,6.4614508409999996,9.043971751,9.818683125,12.487145125,10.18433881,7.166896208500001,7.038690918,6.085046563,8.728408033,7.072995485,8.680341872,10.49107144,8.911967543,7.114073692,8.601240927000001,9.657011781,6.253387196,7.369090476,9.043410832,8.943115895,10.82133624,9.0933966735,7.473375535,8.7137299595,7.456594042,9.34479693,8.349657403,5.987473692,6.786139960333333,8.453644658,9.905026131,7.133399337,6.576858211,6.420824332,6.822383471,7.128987639,8.920228726,9.071345237500001,10.05059931,6.967615547,7.082926406,8.389949537,7.100419268,8.401838669,7.821775906,8.553868764,5.8471335755,8.052419783,7.799125780000001,9.322969947,10.04967598,9.508367671,8.252300324,5.123474224,6.476653483,11.02634174,11.59910165,7.779290271,9.272344137,11.1744898,9.38079323775,6.497807236,10.35466354,7.081973025,8.428274817,11.17631274,7.471771144,6.325776266,7.744437398,8.581333225,9.748631542,7.0445665165,6.012530318,8.788992304,7.6987115645,10.54916391,7.139244345,9.367900568,8.334147361,8.532203309,7.541624435,9.326648485,8.407526498,7.608925875,5.284240244,6.825685016,9.304595131,7.14841561,6.560437192,8.439507103,7.4131974175,6.237806237,6.629964881,7.569962952,7.204792572,9.067692753,8.837737358,6.885987292,7.6359991035,6.177894288,9.833656579,9.278408209,7.0432251495000004,7.741596708,6.6483026395,6.3971363100000005,8.168494258,7.497194788,6.124593164,10.75141955,5.640387971999999,9.440587232,9.880040804,ASD
GSM1033108,6.816824832,7.270981477,7.603667038,8.160868308,7.362968213,6.363505592,7.7866724565,11.1995478,6.517239473,8.089905072,6.994473221,6.302886253,7.842864163,8.729347288,8.030650928,9.265367317,10.12021126,5.701500906,7.894930507000001,11.537262026,9.619406123,11.29250708,10.762739354,9.0688022,6.851912105,8.756502918,7.669866841,8.601307529,7.171201085,6.796577194,5.790383765,8.947669358,9.967361797,8.630066751,7.6269809445,6.647994849,6.578046445,6.973552807,9.223560538,9.996277099,12.366578885,10.15001566,7.1140824935,7.038849618,6.097412058,8.504722463,6.823270799,8.885901974,11.10200721,8.891083718,7.579039516,8.855921968333334,9.674490156,6.559043956,7.658024559,9.627801572,9.445524801,11.06058821,9.3316766285,7.792417455,8.9669019645,7.894774994,10.14698306,9.234852575,6.052785479,6.268052435666666,8.555406016,10.0077379345,7.546271331,7.431293127,6.463004012,6.789126275,6.898082613,9.373476267,8.992293667,10.76865421,6.943269926,7.865347841,8.500840313,6.975527986,9.253765087,8.02897395,8.53471813,5.9602217835,8.555032971,7.8329487485,9.880040804,9.810198251,10.28419396,9.042802764,5.052597668,5.3415539,11.47385009,11.60344386,7.688721581,9.130322233,11.11693658,9.3304391035,7.315016296,10.80422915,7.686374339,8.500076822,11.0766316135,7.395239876,5.930378847,7.76458576,9.028223061,9.92659728,7.654462749,6.214738185,8.634503548000001,7.946000955500001,10.48886699,7.491051859,9.876181846,8.650341236,8.848636727,8.159462767,8.98515354,8.31495169,7.789741314,5.607857918,7.432913301,9.556503876,6.953446713,8.188079245,8.067861053,7.458056039,6.165035997,6.349962757,7.724765246,7.138712675,8.870136551,9.296302669,6.452425933,7.493797947,6.249064235,9.894660041,9.555895899,7.0113371440000005,8.274160381,6.532400612,6.1130998165,8.091447575,7.449318346,6.199928462,11.44317474,5.671024616,9.648631221,9.942493654,ASD
GSM1033109,6.886902085,7.686374339,7.670998775,8.290778636,7.32387028,6.577452285,7.844326402,11.06971147,6.295683841,7.991096926,6.929969318,6.134526179,7.771037356,8.763861005,8.050200948,9.140197566,9.584377399,5.550947109,8.09162147125,11.4775360095,9.626343999,11.21342954,10.3252762925,8.903024982,7.186586753,8.870645279,7.793078518,8.373080351,7.300477862,7.114456285,5.887817369,8.810820353,10.15387342,8.26132883,7.523635263499999,6.958920182,6.790898911,7.075313219,8.498872713,10.08087619,11.9628150425,10.45832561,6.851309033,7.3647409825,6.058897368,8.598103425,6.251883843,8.761510347,10.70349809,9.26842323,7.388898754,8.634186180333334,9.218345925,6.621247845,7.19473537,9.531191462,8.935512172,11.10367233,9.149755891,8.436832,8.911766159999999,7.870348124,10.07832483,8.827634998,6.47587783,6.838180382333333,8.617903145,10.2539878575,7.542941957,7.397110379,6.578242895,7.053480899,7.143687007,9.246234513,8.707205862,10.86533376,7.000288259,7.484430999,8.694055158,6.91617875,8.590559131,7.474140619,8.5438278,5.9673940215000005,8.518710206,7.534859175999999,9.899470458,9.377719185,9.352948559,8.69534071,5.222132884,5.389607351,11.49786116,11.35862432,7.100161373,9.348331014,11.46341215,9.256121381,6.937687082,10.414083625,7.691716688,8.736319123,10.7362913485,7.529630178,5.761451224,7.885174748,8.991602561,9.672341834,7.692027412,5.629434662,9.232274589,7.9338403995,10.68335756,7.04234393,9.713934935,8.341318519,8.965354173,7.550990562,9.761833039,8.211489513,7.46263384,5.927342555,7.451320603,10.1576378,6.694729199,8.260677125,8.090223139,7.5039175205,6.130179391,6.204074312,7.59500066,7.088372305,8.651842628,9.220645465,6.616984871,6.791771774,6.578979593,10.37568928,9.984461451,6.843223929500001,8.575330586,6.8852935045,6.6993125525,7.253519631,6.929514099,6.056784052,11.25741597,5.7885121569999995,9.929947586,9.563688732,Control
GSM1033110,6.833869891,7.366206788,7.784271757,8.205783238,7.118960373,6.086644265,8.0094091965,11.38957825,6.359762048,8.100468689,7.152713484,6.003004693,7.795140068,8.993521292,7.918778673,9.259632544,10.11926183,5.6443670535,7.75509998125,11.7983320725,9.669651286,11.1590968,10.859067154,9.16599968,7.091644382,8.778882905,8.189108394,8.58526886,7.052296124,6.814831631,5.71135556,9.283852984,9.849641922,8.313079374,7.3825211385,6.196608009,6.625656968,7.432399287,9.445524801,10.67300973,12.45399359,10.53998828,6.841394083,6.6921341745,5.96899671,8.419302043,6.601704435,9.205495992,11.04817294,8.993962089,7.679748896,8.774646729666667,9.329766186,6.663211133,7.460681336,9.974007303,9.444219515,11.43073743,9.354898938,8.157631324,9.1184421955,8.203763089,10.33417236,9.288400503,6.201332766,6.634818367333334,8.22006072,9.8888062165,8.248484618,7.234240441,6.358826562,6.384169933,6.869992495,9.207117557,9.220802517,10.92880101,6.848520835,7.868807041,8.654778198,7.003600915,9.029271532,8.168123426,8.655542275,5.971271746499999,9.016481399,7.911601343999999,10.00800106,9.559761479,9.980920256,8.907191932,5.117443522,5.375970658,11.40138372,11.23556873,7.314471006,9.178665982,11.49346664,9.138500639,7.449572068,10.82057328,8.218607776,8.471652831,10.834138602,7.688109247,5.835965141,7.137674547,9.051744615,10.33533419,7.9656297765,6.307358997,8.8303203685,7.9025235915,10.41208953,7.382372096,9.828891912500001,8.84349981,8.982164101,8.018973607,9.609541792,7.962274789,7.089877704,5.459582603,7.616535717,9.700114038,6.653596791,8.242810949,8.007656722,8.1149233575,6.1003303,6.600899499,7.840690624,6.927225963,8.273767,9.539299864,7.777196396,7.8075469905,6.245431615,9.959079912,9.494120907,6.802958223999999,8.237834008,6.752964897,6.363482566,7.646258997,7.182996006,7.140692309,11.55542192,5.8275367185,10.03801923,9.448045717,Control
GSM1033111,6.754407043,7.483931769,7.520268446,8.143502484,7.193991027,6.434883921,7.866334096,11.41753157,6.38577399,8.016040512,6.849198883,6.110156904,7.736760786,8.742721793,7.872442499,9.433486743,9.282025297,5.709205906499999,7.6591074075,11.401423850499999,9.674490156,11.0920815,10.7213936515,8.651466112,6.90620812,8.562505131,7.701915717,8.409823879,7.006674361,7.174131479,6.041929696,8.873454686,9.78299777,8.328934414,7.1666377865,6.341492904,6.601530729,6.93089725,9.036549483,9.966589984,12.322176505,10.2203621,7.1844455205,6.6753549969999995,6.372529493,8.354895325,6.639645502,8.84013166,10.5813468,8.974102525,7.377943578,8.528678686333334,9.545633849,6.297919191,7.032713131,9.685983663,9.54068306,10.56430748,9.06697736,7.90774661,8.627011954,7.762401329,9.979286588,9.277164275,6.529046759,6.144082051333333,8.109858806,9.938654105,7.367010698,6.963507636,6.039880201,6.515475287,7.226604757,9.201576841,8.5830917915,10.69324256,6.777200839,7.39683475,8.357007951,7.270684559,8.615053487,7.353207534,8.494348108,5.965502196,9.060820234,8.2656151745,10.16714438,9.551149751,9.664692924,10.24791954,5.094140078,5.4299337649999995,11.36638922,11.49786116,7.45358757,8.731961772,10.76329368,9.153776799,7.024309284,10.38525833,7.712825487,8.723310278,10.6270843025,6.776523277,6.197092929,7.845896825,9.872850475,9.739078457,7.9501539885,6.099610544,8.750394624,7.213074861,10.557584,7.06341978,9.6191615165,8.230700154,8.51286775,8.55733039,8.69865028,7.956210248,7.240517705,5.421131779,6.87949928,10.01914498,6.666528831,8.387298308,7.986173731,7.417297326,6.025584788,6.338688573,7.590486932,6.866772854,8.259959718,9.061852388,8.148458666,7.8055783795,6.201833771,10.10449022,8.639663482,7.075269115,8.429428421,6.7726481475,5.848241378499999,7.278874383,6.9864608,6.796345872,10.79485188,5.783531184,9.480056745,9.009183079,ASD
GSM1033112,6.723434512,7.550990562,7.526963345,8.276776978,7.370437545,6.163339227,7.895865013,11.29077073,6.124756248,7.977237902,6.922983028,6.000789719,7.738268551,8.602519497,7.881780674,9.451216066,9.298769479,5.89244842,7.6266618712500005,11.356589614,9.502024297,10.92880101,10.7127007385,8.169520488,7.262720117,8.276086225,7.669589534,8.287419872,7.066431849,7.085415095,6.19886961,8.83445529,9.458907607,8.255756729,7.316497355,7.5558855,6.513911092,6.820418009,8.562505131,9.377120308,12.21903114,10.77964296,6.669481643999999,7.744979573,6.128921797,8.670877011,6.719745015,8.737533902,10.13246443,9.173223562,7.13392872,9.116567289,9.200460675,6.491677361,7.311603515,9.421407056,8.84105031,10.60594494,8.80950409,7.822076301,8.617597147,7.580424814,10.02523278,8.822470603,6.430132465,6.69955204,8.548799726,9.8511055455,7.278161953,6.831050861,6.057177706,7.577364422,7.470126192,8.967762537,8.700654996499999,10.68335756,6.547603086,7.513648029,8.318431876,6.976755905,8.264663764,7.512553632,8.437679948,6.0227026079999995,8.535477563,7.0603682160000005,9.68042059,9.365626994,10.02253676,8.512110691,5.33910798,5.595103712,11.4512698,11.0920815,7.803553908,9.396874577,10.97894149,9.69207574575,6.70731714,10.119318165,7.833699317,8.596451932,10.370517655,7.951140551,6.353158292,7.738538281,8.797106228,9.438818906,8.006476939999999,6.136718753,9.367298927,8.148502891,10.60950978,7.279600271,9.726329946,8.310075271,8.587817537,8.082778165,9.871198472,7.108877077,7.419519461,6.019916631,7.284188654,9.985258659,6.88620943,7.77165397,8.78682098,7.669739799,6.305137973,6.105374971,7.696180368,7.240278626,8.895768205,8.767983423,6.761956933,6.8510345545,6.356903661,10.08531366,10.02993739,7.406758909000001,8.330851466,6.671203317,6.681628356999999,8.123435149,7.263717085,6.927655245,10.74877676,5.970626093,9.537152669,8.766744428,Control
GSM1033113,6.74626573,7.546271331,7.48552892,7.831514985,7.0602884,6.788929904,7.8276976425,11.30227484,6.149939699,7.827171358,6.784520166,5.938468475,7.513071706,8.622313563,8.073503832,9.111035086,9.500675086,5.5935520325,8.09496511175,11.3730195975,9.564328253,11.41338912,10.6951203565,8.848181056,6.667338914,8.483743249,8.42905491,8.396101116,7.104811726,7.211229335,6.041528063,8.930211196,10.1767198,7.94169217,7.2789580905,6.687205622,6.936106235,7.024552816,9.305215492,9.865305397,12.290107814999999,10.39638411,7.3318139205,7.029831621,6.048367141,8.315290692,6.316668478,8.604988108,10.56887799,8.860694314,7.108644662,8.872374625666666,8.928671061,6.386837442,7.338581989,9.823435625,9.304037983,10.90605449,9.116862648000001,7.72360126,8.9417321965,7.718068536,10.28512281,8.878992985,6.11510208,6.909645129333334,8.224235123,9.8730725615,7.570406732,6.900813495,6.537458156,6.801478011,7.216198209,9.184141496,8.861148698500001,10.31779865,6.885987292,7.639027445,8.688863981,6.790212807,8.92322505,7.83216654,8.488858586,5.906187065499999,8.649510731,7.7158487104999995,9.727295733,9.68042059,9.761060888,8.611402065,5.091970919,5.3363905670000005,11.48626096,10.80020692,7.924253964,9.6626105,10.7783375,9.2935614235,7.100916075,10.450800675,7.616240447,8.024153099,11.087065752000001,7.29333864,5.888504644,7.394959783,8.755674099,9.889011284,7.4783194155,5.821269055,8.909669065,7.8111007919999995,10.33533419,6.908032337,9.515878044,8.403338293,8.895768205,7.835205506,9.615990526,7.901209307,7.619005336,5.575690372,7.058444406,9.354065499,6.71011354,7.997018775,8.2825149,7.1870067315,6.230157577,6.396656214,7.380540736,6.793131194,9.057516814,9.203201208,6.932812972,7.86121442,6.581253604,10.09644537,9.442396954,6.7085593535,8.119447083,6.621950103,6.3250916165,7.521379001,7.502274867,7.054942657,11.40535586,5.6410173165,9.564990068,9.530595357,ASD
GSM1033114,6.801042357,7.366739225,7.321548482,8.21114955,7.505144226,6.803514297,7.662440760500001,11.10367233,6.267555729,7.903469531,6.97600449,5.76366633,7.865696523,8.254708021,8.144519387,9.431502297,9.546333222,5.8405402245,8.0730182175,11.305685514,9.43483644,11.19062917,10.5037767355,8.503149751,6.784295196,8.679924507,7.575482982,8.314178099,7.381086193,7.009512536,6.074511644,8.707221172,9.783747965,7.962589436,7.1898469095,6.879913351,7.004504789,6.866077612,8.956979207,10.16428624,12.004837295,10.34851078,6.8450124545,7.2228315185,6.177251515,8.705061884,6.451875339,8.781121917,10.43282046,9.13525136,7.087102475,8.906925198333333,9.707282848,6.60896985,7.161031885,9.645118991,8.843947296,10.71999783,8.9684014175,7.458048379,8.7588299165,7.689032478,9.840665334,8.727532013,6.430505486,6.461906730666667,8.801165107,10.2152861725,7.571128248,6.628284451,6.655841169,6.801952626,7.409481432,9.137320494,8.6211746955,10.28720939,7.046611394,7.351229939,8.782468031,6.41536001,8.618264135,7.54495781,8.680341872,5.9599560485000005,8.735884878,7.9042296185000005,9.640115389,9.971499665,10.00800106,8.622750006,5.441738392,5.6599807915,11.37412106,10.40996535,7.344131492,9.21727506,11.31001845,10.095129196,6.73309302,10.37658218,7.614264621,8.346326268,11.09939094,7.592118811,6.091819061,7.433168942,8.747971344,9.615990526,8.050324257,6.418667701,9.2694640735,7.635700412,10.80668255,7.069071775,9.619571494,7.991427079,8.847224048,7.45631534,9.488916643,7.363244037,7.25122959,5.671026353,7.333570168,9.348331014,7.025006388,8.15379794,8.508090239,7.877223566,6.0509365,6.620833856,7.90689875,7.048793094,8.43376373,8.689266512,6.312912198,7.9107117,6.620238003,9.637280403,9.723754992,6.9444270715,8.544218527,6.6639058339999995,6.1841625775,7.519993997,7.368298614,7.546271331,11.0920815,6.0124480165000005,10.14698306,9.832128878,Control
GSM1033115,6.653004402,7.219774132,7.446287464,8.125857325,7.692880704,6.614256541,7.8261536015,11.08099958,5.902056685,7.726223797,6.877265287,6.633790865,7.43981686,8.310838582,7.76431632,9.419478083,9.389997526,5.7785395035,7.6697205585,11.389888883,9.247372206,11.38957825,10.786193099999998,8.328204062,6.461866976,8.362652564,7.328349128,8.359222316,7.278665442,7.039765659,5.824816429,8.764313126,9.833656579,8.214155246,6.9204797255,6.700933345,6.882069548,6.85692551,9.327239891,10.13047197,12.363480805,10.24501781,7.0668031675,6.9865731675,6.359762048,8.522070658,6.923229889,8.669188463,10.19982629,8.805208279,7.39133842,8.959309037333334,9.665376257,6.323502908,7.158528017,9.637280403,8.978145441,10.36814165,8.944681069,7.722065011,8.3935858495,7.737983739,10.10106923,8.779789046,6.125069897,6.586843862333333,8.400390907,9.892202681,7.200221719,6.895111409,6.464113766,6.643209232,6.860950077,9.124537791,8.6216452345,10.43395214,6.781252045,7.42845234,8.499281008,7.794860869,8.338753456,7.680582685,8.327462057,5.8459528495,8.418524074,6.8541723835,9.591857516,9.687514392,9.133556475,8.975555056,5.332433288,5.597306393,10.97734024,12.16775227,7.72360126,9.208131526,10.6165979,8.24808827,6.825233384,10.336458785000001,7.407618758,8.426721034,10.724118546,6.831286193,6.475462588,8.338069988,8.902004197,9.657650948,7.790458919000001,6.723434512,8.8692397995,8.067221846999999,10.67681121,7.241476436,9.748002907,8.122792189,8.441058792,7.512264585,9.414690843,8.864057409,8.370875937,5.41978914,7.080931561,11.15554447,6.799947754,7.628573897,8.524717866,7.32964763,6.320063059,6.575368901,7.272509588,6.921792459,8.363774427,9.016481399,6.794841771,7.7368405075,6.17180966,10.70101042,10.35520794,6.8151572465,7.986173731,6.6626101645,6.4756669549999994,7.714237184,7.489486672,7.111085961,10.71874319,5.65922984,9.371768169,9.335835013,ASD
GSM1033116,6.730424374,7.094838207,7.305046222,8.28894447,7.504262493,6.369795916,7.7251026295,11.10200721,6.280560222,7.883962046,6.825930549,6.337305503,7.405203933,8.385783725,7.684626739,9.429570874,9.406911574,5.842172842,8.05420734975,11.3919657645,9.185291632,11.1922946,10.8707918345,8.350362817,6.719335972,8.546810749,7.909357412,8.353042247,7.267878017,7.031049528,5.995489154,8.727121659,9.842957994,8.227132171,7.279166936499999,7.106509627,6.647143171,7.147658275,8.973089864,9.768466029,12.548975415000001,10.51224398,7.106812186,7.34920746,5.943278721,8.685889929,6.553143749,8.697004803,10.62626823,9.162678161,7.36240981,8.844735251333333,9.774652874,6.624581438,7.087840095,9.624899585,9.391203729,10.96879169,9.0503501105,7.957290567,8.9148795985,7.839130691,9.945729231,8.94045138,6.320063059,6.697647307666666,8.335619994,9.858235174499999,7.83216654,6.783204561,6.775168837,7.095567576,7.44139779,9.178665982,8.876577672,10.07832483,7.365192697,7.67210109,8.432616063,6.779064278,8.375481359,7.774706095,8.590559131,5.9648392015,7.95940967,7.0414610225,9.702998675,9.539299864,9.748631542,8.852922712,5.484422703,5.44725771,11.18546666,11.1303409,7.632133774,9.134711043,11.46132688,9.2315696315,6.990153237,10.24907263,7.697892517,8.295447642,10.897553825,7.629752176,5.658827124,6.947122276,8.7513803,9.560405609,8.002073236,5.811389677,9.3126549085,8.0314649585,10.66149142,7.145754543,9.7510812715,8.488464092,8.699915056,7.935258517,10.1767198,8.320373468,7.289377889,5.684213238,7.683166511,9.156987946,6.816171536,7.487811754,8.182145689,8.094493635,6.641075272,6.380588016,7.878789204,7.043034412,8.23454392,9.063882945,6.665070237,7.0812442265,6.803514297,9.533723608,10.11926183,7.438868804,8.100468689,6.8432523235,6.455641513,7.766649469,7.386272694,6.65685176,10.85662147,6.00644212,10.14517372,9.299398847,ASD
GSM1033117,6.552136368,7.378449207,7.015402678,8.02897395,7.79333466,6.479794954,7.6078373845,10.75519567,5.93662608,7.749776384,6.982765701,6.329079938,7.443251844,7.854060181,7.717511917,9.437548404,9.157531172,6.367067474500001,7.85109001975,10.822112855,9.467084512,11.1089062,10.523025045499999,7.788615509,6.663211133,8.098188346,6.856487505,8.157263068,7.035619265,6.719543481,5.798481827,8.315290692,9.661116426,7.7096133,7.1471488794999996,7.304182894,6.531208372,6.516615855,8.590559131,10.24223762,11.890109128,10.70493167,7.4082279235,7.777376672500001,6.179845807,8.891539472,6.612006327,8.507663003,9.944897372,9.051744615,6.937233042,8.877338857666667,9.513670766,6.375218804,7.041849054,9.194825585,8.256094635,9.884086355,8.555774887,8.053778981,8.066865856,7.117711161,9.399401849,8.093408226,5.777644318,6.898956864,8.370125562,9.865154535,7.102163226,6.303596177,6.74522124,7.394688289,7.313937584,8.792620079,8.719745921,9.863056215,6.66052846,6.789126275,8.560190239,7.500443818,7.707857774,7.288626859,8.485720664,6.008082294,7.718392113,7.239489883999999,9.023099832,9.64365903,9.262397831,8.065556503,5.37311674,6.6421938375,11.29250708,10.82666563,8.216219605,9.300562683,10.96315594,9.769447047249999,6.321498177,9.743226411,7.198182857,8.294347853,10.389288845500001,7.898785562,6.148223454,7.597530607,8.06822691,9.344202174,7.455619061,5.810358991,9.1776377445,8.3791156095,10.90892633,7.195247843,9.8218265605,7.754320771,8.42519568,7.051598285,9.838421645,8.65684078,7.24808493,5.804933523,6.935878036,8.929709358,7.386854422,7.312622177,8.719634519,7.6960653925,6.678224176,5.934017662,7.496425212,7.247327048,8.88457061,8.265748054,5.988700097,7.8352228365,6.378649536,10.25983468,8.740602288,7.4898835315,8.063936689,6.8826697085,6.7732324265,7.878789204,7.233009993,6.513705793,10.483048,5.813309160999999,9.465216264,8.859649111,ASD
GSM1033118,6.30532424,7.372025243,7.030034973,7.842864163,7.604441572,6.814608652,7.6394693885,11.05263263,5.82066864,7.737983739,6.878619353,6.534490997,7.470126192,8.119116451,7.97922288,9.326648485,9.567004356,6.256520354,7.9004628965000006,10.8560161445,9.136288168,11.49786116,10.966117058,8.047922669,6.287467146,8.231031673,7.320306662,8.333445055,6.996691425,7.040719678,5.752387987,8.524717866,9.675929304,7.696450827,6.9457333035,6.773176866,6.607993811,6.651522347,8.948706151,10.14138896,12.355515285,10.32566488,7.5783440725,7.083815739,5.992531487,8.672521645,6.549012419,8.5239620209999991,10.2607595,8.987638257,7.093575698,8.680675580666666,9.951550743,6.459175878,7.151937477,8.921724855,8.778882905,10.24402119,8.9305166575,8.005168284,8.5515654985,7.747449115,9.6393641,8.451423881,5.900613949,6.436443259,8.061322357,9.7451422375,7.288339115,6.573496612,6.453188465,6.710326172,7.290965823,8.979163658,8.864958429,10.00178438,6.664262852,7.340233254,8.628384779,7.303122683,8.328506774,7.813427785,8.762846541,6.011669399,7.417912818,6.926731608000001,9.303355773,9.622774154,9.212103902,9.033254734,5.356024095,6.4226107145,11.14029628,11.88802384,7.644762596,8.761015893,11.14204616,9.53202870925,6.863378478,10.211262395,7.518610604,8.537012472,11.154067345,7.344639742,6.654434377,7.933451701,8.566154171,9.474860811,7.69666501,6.161429433,8.9038190425,7.7260896845,10.41663775,6.957528558,9.155310653,8.056028923,8.555812934,7.558685761,9.094218399,8.843085047,8.036738998,5.531287394,7.208211419,8.682458448,6.787131943,7.084950523,8.278621208,7.3070074945,6.352301443,6.502298487,7.783970704,6.647365562,7.900050726,8.661588372,6.095970551,6.9377978465000005,5.962888832,10.72252394,9.233051171,6.9458226915,7.682890838,7.029257963,5.767606359,7.043772186,6.667338914,6.642755028,10.6529995,5.884146337500001,9.78600212,9.388717103,ASD
GSM1033119,6.356389077,7.074614206,7.685189586,8.529423871,7.694421451,6.284174579,7.8802770110000004,11.07449173,6.338539517,8.018336368,6.86206911,6.443353445,7.358999339,8.42079309,7.451320603,9.211096761,9.54068306,6.0619942355,7.5027895665,11.257235804499999,9.48753152,10.9172283,10.653585568,8.441805963,6.90217953,8.295111617,7.849748752,8.544218527,6.802170635,6.882492853,5.992402041,8.83093025,9.61237474,8.026395889,7.197650020999999,7.710476281,6.74692139,7.137674547,8.686760522,10.44833455,12.183825970000001,11.03096311,6.712470056,8.2815314185,6.281740552,8.540453239,6.617813136,8.788691433,10.32566488,8.790493811,7.29871346,9.421366184666667,9.63310167,6.504314628,7.127286313,9.632382682,8.979639304,10.42198429,9.0455886385,8.558922766,8.5552838815,7.96414674,10.25876084,8.898091506,6.488333964,6.948824841666666,7.721412753,9.686393702,7.233009993,7.020235677,6.620440264,7.832475455,7.701609289,9.294962071,8.733561547499999,10.26275381,6.394716313,7.241234937,9.057516814,6.688470216,8.304933042,7.746558402,8.533611258,6.208753918,8.511341662,8.593648653999999,9.640870083,9.220645465,10.32975105,9.340754055,5.663473667,6.4607187955,11.45945434,11.35493041,8.209266388,8.999125072,10.88352214,9.57574599675,6.644438234,10.25657938,7.59500066,8.354895325,10.4321820335,7.648185914,5.928279884,7.558385587,9.3260474,9.631690208,7.7768021305,5.677973409,9.437853934,7.7480339435,10.91171211,7.405997375,9.7359824135,8.160124648,8.854967414,8.011119602,10.12302782,8.958512274,6.545486915,6.346416397,7.266337914,9.348331014,7.47572187,7.459844627,8.768857099,7.8310244605,6.903113333,6.180640873,7.626567615,7.5819096010000004,9.6102294,8.904389063,7.235554888,7.064050664,6.278094211,10.30949788,9.361088464,7.533232712,8.208526712,7.3069825925,6.917830936,8.085566002,7.83731481,7.346202356,10.71402858,5.9773423605,9.661116426,8.125519447,Control
GSM1033120,6.225978208,6.723241259,7.716002744,9.331020302,7.933451701,6.022009024,8.231940319,11.33283854,6.027964221,8.395383665,7.25122959,5.531804359,7.267057858,8.799867662,7.280859413,9.133556475,9.026075321,6.5517455,7.25731013225,11.259648688,10.04077759,10.24402119,10.350272863499999,7.9634975,7.509720504,8.106078926,8.186627268,8.255389311,6.561223413,7.017813802,5.836069186,8.852443227,9.679582485,8.927733312,7.760811985,9.439412164,6.589932851,6.786484764,8.032529737,10.58377744,11.7732469425,11.66286197,6.8328213935,9.807650517999999,6.552136368,8.637772182,6.544902052,8.866807293,9.838421645,8.947669358,7.629752176,9.993987519333334,9.196070542,6.70216191,7.009280337,9.909777183,9.413352405,9.949719044,8.9072940074999991,9.123537197,8.037088672,7.800135435,10.42625397,8.792192184,7.538629689,7.913195308000001,8.334900856,9.8098153665,6.912146683,7.262720117,6.573115745,9.427791078,7.366080698,8.794343957,8.4440592105,11.12691047,5.998053074,6.914954462,9.400620112,5.919622858,7.866679743,6.808600077,8.80306234,7.622483394,8.383875752,7.538915543,9.534397611,8.553081739,10.25983468,8.653976462,6.533325085,6.5718266944999995,12.08939111,9.763841672,8.535477563,9.353563087,11.11874593,8.9445218225,6.319742714,9.676777675,7.766342713,7.975265226,9.4436432805,8.011822103,6.331535465,8.480381407,8.536267728,8.929223071,8.679448049000001,6.474898078,10.764896570000001,9.3260339975,11.59473441,7.610335601,9.6612939505,7.850357881,8.380080197,7.658905154,10.68940032,6.996191539,7.795140068,7.177846425,7.187536917,10.07656047,7.671804163,7.353764629,10.12481545,8.99964186,7.90188329,5.544806783,7.778980027,8.491996697,9.455634557,8.386533831,6.671432868,7.3102958739999995,7.863334318,10.89019056,10.90167123,9.467480476999999,8.31995435,8.503679025499999,7.806008079,8.717983468,9.363001329,7.295601785,10.34271711,7.225511324999999,9.54068306,7.676211561,Control
GSM1033121,6.680784465,7.103117849,7.535953454,8.152381797,7.590746074,6.238638062,7.9529591449999995,11.40138372,6.360132973,8.252990153,7.39133842,5.868899503,7.598081764,8.730629394,7.75398965,9.301161177,10.10837183,6.420490619500001,8.01919697175,11.5043692075,9.85898144,11.15745549,10.681633138999999,8.603306114,6.558276908,8.628384779,8.043704156,8.477977358,7.118465524,6.881322071,5.835860044,8.962010088,9.744368898,8.12990708,7.0152317605,6.334896206,6.941403012,6.905780145,9.668996919,10.09087733,12.25959853,10.47751846,6.8694899245,6.4560276850000005,6.209281744,8.568092795,6.670566748,8.903470747,10.78790257,8.717045037,7.581602214,8.717872761999999,9.616647852,6.896000147,7.600686714,9.704471343,9.348331014,10.746155,9.302901727,7.661314342,8.860623783000001,7.853748802,9.999486725,9.000116811,6.48546621,7.175607944999999,8.143822058,9.624655437,7.695607477,6.91032271,6.281740552,6.436939079,7.424133588,9.357885773,9.150106583,10.52942165,6.779932676,7.550423328,8.864938995,6.800172716,8.717983468,7.988870162,9.09704064,5.8286009629999995,8.133557055,7.6307366835,9.772492299,9.754477007,9.385832443,9.36494629,5.166929736,6.3432621505,11.4412376,11.12883087,7.75114654,8.942139478,11.51084611,9.5859754425,7.102635183,10.716337925000001,7.592668439,7.999379007,11.242794835,7.611207462,6.183432832,7.192488473,9.168793391,9.962284517,7.890858444999999,6.407229735,8.823908087,7.7956195465,10.45378669,7.287050757,9.4450758915,8.540053467,9.192593476,7.631825334,9.871198472,6.909620434,7.145256741,5.2240275,7.452159433,11.40957349,6.802170635,7.841001096,8.068508843,7.413925401,6.438827369,5.996400084,8.218267297,6.558077875,8.42789375,9.505206239,6.764802637,7.209963625,6.688470216,10.29019545,10.03537055,6.717232425000001,8.122112888,6.758623398,6.4051622185,7.256912122,6.974568297,7.155487549,11.31774945,5.744701349,10.18710067,9.129216825,Control
GSM1033122,6.342225477,7.28242489,7.657472686,8.137820288,7.521667152,6.413352394,7.885337272499999,11.48626096,6.340964248,8.165096818,7.07553291,6.02066117,7.370974094,8.640071152,7.926185411,9.444884933,9.782316929,6.096587498,7.71713094475,11.1663833615,9.980065704,11.10200721,10.682971194,8.793073925,6.728055646,8.430192039,7.827503118,8.336633379,6.910767256,6.917552017,5.691945027,8.799422725,9.748631542,8.093408226,7.3186800155,7.025006388,6.641696653,6.944138035,9.374682664,9.968211518,12.23360195,10.45378669,6.54835371,7.4155900615,6.337119345,8.290049141,6.576159914,8.813002994,10.7659634,8.873454686,7.240744762,8.871180144,9.461566268,6.488726902,7.461802807,9.771682917,9.26842323,10.56546728,9.265988781499999,7.658273429,8.728143770500001,7.768979265,9.773220865,8.549936553,6.368904861,6.562435204333333,8.131868308,9.614427879499999,7.949917084,6.813734151,6.258618253,7.325962036,7.485008247,9.069377103,9.1301893455,10.7671649,6.326317423,7.511733782,9.076278391,6.663392651,8.491609679,8.008606169,8.683291212,5.9154905504999995,8.014789658,6.773263870499999,9.533126069,9.512368396,9.147453057,8.94045138,5.018379514,6.606901756999999,11.47762728,11.16277229,7.734783818,9.282025297,11.23945756,8.4345501595,6.68994018,10.463923485,7.869419454,8.591310837,10.380774780500001,7.351229939,6.237318343,7.915354518,8.646752331,9.725066817,7.730594492,6.685233025,8.861044343,8.4007197065,10.53547869,7.327574907,9.6382444275,8.432616063,8.849070073,7.536188745,9.998721374,7.819994061,7.404680415,5.781952923,7.232190415,9.557125985,7.071965354,7.519446201,8.563346549,7.4365069925,6.40921633,6.866990843,7.649308695,6.785345006,8.199150674,9.12558952,7.161031885,8.2223237315,5.98908522,10.20637151,10.90297013,7.4026631045,8.042951027,7.0326992175,5.7045481445,7.945880275,7.260057928,6.373455513,10.90458825,5.456535146,10.0817293,9.224131914,ASD
GSM1033123,6.520602821,7.182717749,7.371495876,8.1470415,7.743780931,6.425835099,7.8726022765,11.31774945,5.722540166,7.953006689,7.221212366,6.223622008,7.850062703,8.434172082,7.612291488,9.122548097,9.37534119,6.2817677,7.684558366499999,11.295624331500001,9.903468277,10.96737812,10.551338771000001,8.247124513,6.774281227,8.23747999,7.821469725,8.227543635,6.761251153,7.169677492,5.943016129,8.637384196,9.839939488,8.017303584,7.5073877165,6.847868339,6.854712041,6.629128224,8.83445529,10.46513555,12.090599075,10.47410962,6.6579030075,7.0277651379999995,6.048231395,8.528267294,6.5133556,8.691759645,10.239155,8.783358752,7.230352984,8.951456636666666,9.070988556,6.608393692,7.048267795,9.752953497,9.057516814,10.37979005,8.9093990285,7.724447289,8.298820967000001,7.459328259,9.568378645,8.584335974,6.058338226,6.767283717,7.979543082,9.723050710999999,7.17685406,6.754407043,6.889968719,6.798629349,7.067893241,9.004546742,8.8371870215,10.45271793,6.431387319,7.228158174,8.705464374,7.528237461,8.312644942,7.703709852,8.452145153,6.089036472,8.154450569,7.759278517,9.475481042,9.511005699,8.934470574,9.216743449,5.059355731,6.486010795,11.55761808,11.40957349,7.447986159,9.347755133,11.20123021,9.75468289925,6.669484981,10.0427282505,7.727868182,8.916270988,10.396992428499999,7.437433009,6.30597181,8.295447642,8.878992985,9.534397611,7.820730619500001,6.753090273,9.2564574885,7.968518438,10.48677,7.311357954,9.1429599915,8.070499838,8.443625519,7.843165316,10.20816945,8.552670763,7.082672507,5.626478741,7.270684559,9.728016152,7.008083037,7.440314116,8.461876806,7.2174343830000005,6.169217575,6.534872118,7.817121984,7.246545689,7.378714869,8.627574458,7.956850528,7.1946347274999995,6.265005953,10.73832143,10.67681121,7.407893381,8.356298003,6.7688847025,6.6572174885,7.632672824,7.527966826,7.427921895,10.69976274,5.854665085,9.759665853,8.901075815,Control
GSM1033124,6.717056422,6.924652108,7.424674648,8.280798718,7.549854177,6.538968669,7.6442616055,11.32166757,6.179473582,8.031585346,6.884552392,5.949117749,7.273561835,8.4969147,7.812209641,9.192097883,10.30520635,6.356620487,8.160093137499999,11.078289551000001,9.321923296,11.5186486,11.009523274,9.037006792,6.731776922,8.657696075,7.677713438,8.189484034,7.471275652,6.751297126,5.646174079,8.722434547,10.02993739,7.694718411,7.158067018,6.659933538,6.905989848,6.801952626,8.709026646,10.20166414,12.28108165,10.33088028,6.80448241,6.7973295799999995,6.134526179,8.547617144,6.393611379,8.595607799,11.0339678,8.799867662,7.3619186,8.581306957999999,9.233620407,6.536627483,7.662403901,9.413995823,9.040122755,11.07772186,9.3215269735,8.386120994,9.066397797,8.000019718,9.909777183,8.810340281,6.217244854,6.772053540333333,8.271951131,9.667560966,7.918489718,6.933745224,6.703196351,6.493736003,7.430985594,9.080399975,9.2491610195,9.978465148,6.354084129,7.667659196,8.560190239,7.322292429,8.875343657,8.121421315,8.650341236,6.0509885195,7.601784231,7.071220692,9.585676773,9.984461451,8.785863305,8.677095878,5.243702698,6.247621271,11.24669848,11.08719738,7.560668972,8.706415472,11.03096311,7.8957206822499995,7.00223527,10.72967298,7.415307695,8.068845129,11.133760174999999,7.312622177,6.038239563,7.067893241,8.848181056,10.08265641,7.674108908,6.286054182,8.96672903,7.807066755,10.46179556,6.612389624,9.336073925,8.259012968,8.758411151,7.464888161,10.1767198,7.593536111,7.087102475,5.520527511,7.160780261,9.727295733,6.54189899,7.385009737,8.450299689,7.388023924,6.461866976,6.937044262,7.638132835,6.700318603,7.773846737,9.439969023,7.221003825,6.971250395,6.686347189,9.763841672,9.742768708,6.9056883755000005,7.944539463,7.0008651465,6.6344970905,7.090126479,6.70155294,6.957044896,11.1837955,5.667595564,9.418186696,9.691751169,Control
GSM1033125,6.74692139,7.240517705,7.311120307,8.298862016,7.446046741,6.535259259,7.885415472,11.13345696,5.98358345,7.828738329,6.826574214,5.997794883,7.599027815,8.147409675,7.688109247,9.413352405,9.482738475,6.322268307,7.93693333175,11.108564771000001,9.495380541,11.11212916,10.899569299,8.188448126,6.703853774,8.388011559,7.644762596,8.342871541,6.945530901,6.911009053,6.014004396,8.463043878,9.71674399,8.07607122,7.0216398035,6.41611995,6.903113333,6.914450971,9.451216066,10.14219096,12.356350265,10.56887799,7.3601408455,6.865776222,6.059050303,8.657696075,6.606960274,8.572934364,10.3572492,8.910613119,7.080450137,8.511836853,9.65064455,6.500609986,7.189948545,9.795195465,8.909134198,10.45378669,8.96076704,7.905917453,8.398834672,7.525858588,9.975910844,8.581333225,5.736373388,6.635248541,8.066205635,9.668843389500001,7.635246293,6.640278964,6.366233408,6.537265677,7.856498858,8.958023684,8.8343332635,10.30433971,6.913328019,7.120392598,8.681152317,7.298951048,8.10479162,7.924253964,8.547229516,5.7510742635,8.104127699,8.2715236855,9.33156187,9.791302972,9.314681607,8.802124516,5.234160028,6.367287653,11.23945756,11.09702611,7.31650046,8.451423881,10.93961894,9.24093714975,6.627257446,10.36965715,7.409996539,8.364130122,10.7010920575,7.200985383,6.22852116,8.197817892,8.464908698,9.703752098,7.8624842955,6.819514103,8.9188838275,7.4314212925,10.5341572,7.154745645,9.1823151085,8.050522717,8.705061884,7.521090981,10.10449022,8.405261281,7.902514094,5.396735891,7.250254644,9.750689193,6.539755871,7.500443818,8.249510677,7.161459911,5.841366218,6.318215086,7.806857762,7.011126054,8.541189565,8.671728056,6.614057484,7.5544282615,6.458608723,10.55522223,8.668251007,6.884404755,7.796588322,6.8148534915,6.3589243155,7.202758148,7.423604701,7.07221011,10.83995658,5.7983492954999996,9.705944052,8.817401477,ASD
GSM1033126,6.489275365,7.132880134,7.626567615,8.345929474,7.6372972710000004,6.546881714,7.789169748,11.37412106,6.293453161,7.833999251,6.698409262,6.312178983,7.558385587,8.286714277,8.080738921,9.269044225,9.903468277,6.338747548000001,7.811759614750001,11.349920427499999,9.700114038,11.55966566,10.877328930000001,8.73499014,6.429568392,8.494725995,7.436093791,8.537012472,7.16432383,6.650720945,5.798203214,8.747104197,9.78600212,7.968447548,6.9573489760000005,6.975794727,6.953958189,7.068798251,9.203201208,10.52244693,12.30105696,10.36607127,7.038479755,7.447174448,6.343806239,8.54801494,6.477438027,8.657696075,11.1303409,8.443625519,7.527465961,9.08677561,9.807946176,6.412582397,7.655987847,9.551809046,9.196070542,10.48886699,9.312113412999999,8.258212949,8.570183179,8.035124729,10.02338088,8.932573014,6.110296172,6.725882722333333,7.875815643,9.574520484,7.210169807,6.950225374,6.467840725,7.041195983,7.07124279,9.211096761,9.096140372499999,10.24116418,7.1062661,7.623377851,8.375911357,6.305482905,8.792192184,8.156209662,8.453305589,6.1128297965,7.658273429,6.587961624,9.757486285,9.592484049,9.469652642,8.570592753,5.570750793,6.2103117035,11.27207672,11.45733103,7.494835298,8.982686136,10.56430748,9.362737801,7.146959492,10.619545200000001,7.338883608,7.814938833,10.7222035375,7.068566843,6.325430408,7.563568461,8.625961158,10.2890202,7.984009195,6.873347133,8.711123031,8.1055431294999991,10.44300062,6.990889514,9.086250340500001,8.398842786,8.662047358,7.464034695,10.15484162,8.427091904,7.295050692,5.548490878,6.779064278,9.104775656,6.58330698,7.548808935,8.790940378,7.0973202125,6.279903432,6.647143171,7.395511122,6.655012104,8.379681923,9.396181602,6.610575716,7.977104904000001,6.777831554,10.13440125,10.38198083,7.000170734,7.532262623,6.8933212,5.874586265,7.471012689,7.13665332,6.257477609,11.22280629,5.6997880475,9.423881003,9.620803768,ASD
GSM1033127,6.495639027,7.297420689,6.95539611,8.182845499,7.581329164,6.558481462,7.805039714,10.90458825,5.971652996,7.581021838,6.820855934,6.092570731,7.494014381,7.689032478,7.646793614,9.368717805,9.154114629,6.164597661,7.67156834825,10.7379584165,9.105868331,11.1303409,10.628279378999999,7.952712632,6.57128388,8.404838046,6.929275227,8.178003735,6.96830508,6.715929314,6.001694327,8.30570502,9.698794344,7.751994534,7.1257781475,6.842207054,6.514097229,6.397931585,9.646511557,9.588263134,11.907905212500001,10.42198429,6.970819428,7.191953239,5.796836499,8.737142484,6.615264551,8.548382484,9.961536176,8.956979207,6.877484906,8.855558304333334,9.375954365,6.616117846,6.970704593,9.430851592,8.681152317,10.24116418,8.7444602325,8.051177567,8.3331794185,7.085689725,9.043410832,8.093986441,6.462043227,6.752432146,8.243147812,9.7542155105,7.136122987,6.411471594,6.343058362,6.885263435,7.3619186,8.896634059,8.753811439,10.00098719,6.760404695,6.786484764,8.593241483,7.62509896,7.914392317,7.442176038,8.637772182,6.2553784895,7.530154872,7.1218106705,8.987638257,9.78827673,9.658328648,8.210016891,5.367262469,6.345021060500001,11.05103257,11.28889019,8.228594831,8.99011668,11.23751063,10.21794361825,6.360480841,9.927764532,6.933048356,8.701619154,10.889514711,7.553379765,6.206013608,7.079764396,8.060621657,9.399401849,7.8039552155,5.864235067,8.827526254,8.0868115665,10.64923317,6.780587084,9.4875365595,7.723006864,8.407526498,7.332498314,10.19096966,8.583535693,7.684626739,5.736686572,7.821469725,8.664608117,7.132880134,7.166284334,8.879930001,7.665854978,6.093477283,6.346069771,7.901209307,7.531530019,9.208131526,8.154119921,6.974809767,6.8330223530000005,6.323502908,10.11106218,9.546333222,6.9751649995,7.904391695,6.742849747,6.5335014375,8.109245895,7.554524081,6.764802637,10.16912941,5.640685011,10.11716565,9.312805062,Control
GSM1033128,6.416456655,6.833869891,7.776540095,8.286365112,7.804839094,6.351494004,7.841448227500001,11.18225399,6.018370095,7.698164168,7.087597011,5.924238894,7.615682671,8.254708021,7.613936357,9.155796294,9.420740083,6.0379885775,7.35892901375,11.1220380285,9.293306804,10.75649598,10.577246207,8.186627268,6.549219015,8.104127699,7.8767168,8.510972191,6.835187386,6.980119472,6.050237019,8.645924724,9.227962976,8.269080615,7.198104214000001,8.079453713,6.385973902,6.869344846,8.893059668,10.13751935,11.774060325,10.71999783,7.1643497015,8.6785590635,6.086500164,8.48683755,6.744598973,8.833580051,10.16610203,9.122548097,7.406834883,9.166944827,9.565592008,6.596445218,7.172854031,9.388074506,8.8368184930000009,10.28512281,8.6186830635,8.288149871,8.383968142499999,7.424955831,9.94819062,8.57426586,6.391637333,6.5743431139999995,8.323049791,10.13890095,7.802355686,6.61923273,6.452059359,8.11773524,7.896344669,9.147961436,8.751472657499999,10.81470001,6.589932851,6.92833195,8.62475061,7.182996006,8.277543161,7.426822352,8.66651386,6.218704863499999,7.861712951,7.643315467500001,9.185291632,9.322414839,10.27486757,8.508934022,5.491745477,6.2788629045,11.31584825,10.90892633,7.723276496,8.797585525,11.31973437,10.262755074000001,6.75952596,10.1248465395,7.713124261,8.668704998,10.057412432,7.796260685,5.787507971,7.095567576,8.535844297,9.492886952,8.111697518,6.428983692,9.6652075765,8.189168718000001,10.91439313,7.884590957,9.7849703245,8.030986316,8.621557439,7.576749163,9.47084707,7.957786819,7.421406124,6.390007639,7.441671262,8.836349564,7.067414146,7.345964284,8.484537501,7.976430464,6.345049866,6.668595742,7.946886022,7.929615,8.838237847,8.473972904,6.821954681,7.6911114949999995,6.353718922,9.714648945,9.985258659,7.600459467,8.419658958,7.2291744655,6.041425492,7.754883248,8.299248436,6.950981027,10.87956622,6.2553548475,10.00985635,8.238173582,ASD
GSM1033129,6.559660206,7.153948363,7.419797027,8.491209983,7.434497781,6.273166304,7.730583317500001,11.33974222,6.338880118,7.967220054,6.73418102,6.404174614,7.404426661,8.392288705,8.028031317,9.313428316,10.07656047,6.2684751685,7.7747087305000004,11.16609946,9.350011423,11.42622361,11.181860074,8.54801494,6.787983337,8.763861005,7.567973781,8.614637207,7.228158174,6.83009647,5.341502267,8.741038581,9.758925936,7.868516434,7.0135151780000005,6.395610492,6.571925844,7.038796269,9.730237021,10.65795845,12.524630815,10.3449355,7.461461354,6.640649219,6.250873934,8.491609679,6.942325814,8.84349981,10.8887775,8.658471429,7.27790131,8.828735740333332,10.03163836,6.15572937,7.620391194,9.618770735,9.011350519,10.6845314,9.523140188500001,7.828738329,8.646099755,7.649308695,9.942493654,8.956048642,6.048654173,6.598172288333333,7.812517839,9.55068748,7.496425212,6.838060414,6.360132973,6.335601304,7.184374351,9.311014091,9.443057199,10.18159005,7.493736589,7.563568461,8.385024703,7.23754311,8.662869144,8.183201872,8.464162871,5.7630272285,8.122450015,6.813777539,9.451897464,10.13141146,9.104300895,9.35982039,5.263261337,6.3091418155,10.99109759,12.04939361,7.367010698,8.59017415,10.43395214,7.9943517405,6.728281871,10.87054166,7.439529126,7.871506987,11.160812844999999,6.814608652,5.594201605,7.274087736,8.929709358,10.24316253,7.7646320840000005,5.942771245,8.654453577,7.7570232064999995,10.52142358,6.864762651,9.017684200000001,8.682864836,8.578918302,7.8767168,9.825145832,8.595170695,6.557684008,5.584206539,6.67675859,9.353563087,6.373626318,7.473061996,8.281114721,6.7049574895,6.239141805,6.237973481,7.234503285,6.582442975,8.257152232,9.442959151,7.144996913,6.755813336999999,6.332801966,10.26165233,9.421407056,6.4557207645,7.373804354,6.9307550540000005,6.531328219000001,7.702218009,7.324126069,6.782542614,11.3434833,5.697747937,9.005073679,10.05150205,ASD
GSM1033130,6.778669339,7.198182857,7.391618633,8.235984987,7.590197494,6.862462801,7.814482918,11.5186486,6.162086255,7.828738329,6.738077674,5.698430444,7.500443818,8.49967566,8.30709683,9.377120308,10.01826397,6.0618510615000005,7.8400092205,11.198592224999999,9.53252142,11.57963104,11.180925874,8.626377621,6.351234894,8.466741034,7.862703539,8.381245404,6.939737183,6.859167087,6.041232907,8.644309396,9.695830915,8.218954988,7.021348553999999,8.029262439,6.5687487,6.552928595,9.584971119,10.38632281,12.607676365,10.75141955,7.527850866,8.450086599999999,5.923164754,8.231031673,6.503951235,8.787782641,10.71512673,8.649976407,7.415814263,9.145704712333334,9.561714211,6.503751035,7.655071036,9.559054344,9.20208582,10.63111385,9.26233219,7.886358338,8.7769076225,7.592668439,10.08629727,8.953541376,5.940258151,6.955466644,7.952411123,9.746849963999999,7.645624416,6.760404695,6.534490997,8.101461476,7.342108751,8.915231908,9.2003147465,10.39202444,6.967145963,7.598740567,8.888484324,6.723434512,8.592879219,8.090223139,8.486457608,6.2662527985,8.493533821,6.9547964555,9.720181588,10.00882444,9.700114038,8.940946724,5.434789981,6.3999238609999995,11.063684780000001,10.67556715,7.70511386,8.872053671,10.97894149,9.6669252465,7.0049908,10.670064575000001,7.623665874,7.795140068,10.9135876725,7.14473881,6.146347743,6.89945362,8.805208279,9.99542967,7.9608978635,5.809196919,9.8370694155,8.5229490655,11.24113185,7.166064648,9.206975900500002,8.500840313,8.837737358,7.699280582,10.1920739,7.909357412,7.198570727,6.286399061,7.112591793,9.254963881,6.970471464,7.724447289,8.638481402,8.504346184500001,6.833869891,6.627902243,7.539990986,6.989666104,8.594040159,9.304037983,6.526001699,6.8907955275,6.878402189,9.730237021,10.42937383,7.535397028,7.840044933,8.182523337,7.0735527045,7.12631658,7.960359576,6.67012725,11.14029628,6.4314653275,9.486862279,8.896219556,ASD
GSM1033131,6.482667489,6.908907189,7.42033232,8.610980066,7.822076301,6.03007896,7.823870376,11.24477487,6.011158969,8.10479162,7.274822877,6.007079062,7.422839266,8.483743249,7.799856612,9.068230091,9.771682917,6.3171488235,7.5069032455,11.400197260999999,9.839166777,10.95407349,10.7600599695,8.393057604,6.803740092,8.300991165,7.814058527,8.517539838,6.847245107,6.758884456,5.849137434,8.736739355,9.482073762,8.44887879,7.512558722,7.931238742,6.509528668,6.901472455,8.859649111,10.0704249,12.123201455,10.77964296,7.3189313615,8.4589745105,6.440743095,8.663750408,6.569308019,8.732890581,10.46179556,9.043410832,7.363702872,9.611487848,9.52360774,6.709222488,7.495680001,9.859768741,9.030767317,10.43836978,9.100543836,7.739790515,8.5346704935,7.817656361,10.17952918,8.632009903,6.71510984,7.135635283333333,7.999025433,9.502054814000001,7.319760046,7.181012836,6.894831873,7.967834361,7.436093791,9.277164275,9.1474612635,11.14551903,6.266522538,7.595864421,9.280261103,6.357072295,8.354529616,8.030986316,8.611854282,6.339269894,8.681152317,8.688695942999999,9.519553805,9.129216825,10.69189809,8.738859238,5.555386081,6.681186169,11.54194417,10.9971563,8.706823378,8.872541119,11.12032126,9.67997737575,6.881802234,10.226335290000002,8.145927757,8.466741034,10.2847604505,7.866327816,6.120767901,8.032194452,8.589361214,9.60131659,7.922769169,5.80933407,9.787690915999999,8.613198384,11.00615301,7.965726054,9.6497688,8.42519568,8.574073177,7.613936357,10.18159005,8.505089248,6.903869909,6.475462588,7.348326822,9.986965084,7.88031597,7.458327664,8.727532013,7.791450476,6.534490997,6.677829553,7.761249614,8.241083248,10.92427607,8.924742009,7.357456465,7.4413461775,6.534675984,10.14900345,9.96577863,7.2012123500000005,8.417044324,7.218522128,6.981957308,8.926831566,8.906734061,6.319742714,10.78391392,6.4186339215,9.647285729,9.145781399,Control
GSM1033132,6.417594162,7.044461573,7.364699124,8.440643172,7.517212831,6.47119309,7.869071503500001,11.36836482,6.245913973,7.797551456,6.929728874,6.118715552,7.636120117,7.910222198,7.407618758,9.154114629,9.875136783,6.290882889500001,7.7612403382499995,11.119959868999999,9.389997526,10.93025896,11.154011125,8.575330586,6.58749831,8.497297814,7.618761083,8.528698594,7.097034724,6.363505592,5.844337345,8.69534071,9.653631495,8.070181669,7.2213950975,7.020444241,6.619424208,6.868859458,9.693865348,10.52942165,12.466544115,10.34380703,7.3768973755000005,7.446558961,6.373123487,8.600059033,6.868636028,8.525083292,10.63690041,8.807106436,7.277100361,8.805878158,9.901067035,6.334739829,7.45372117,9.635897179,9.299398847,11.02634174,9.229080060000001,8.038043622,8.767149635500001,7.750612933,9.930775205,8.812583677,6.158008215,6.903813618,8.034463861,9.8029832755,7.450470608,6.844659292,6.510487669,7.042584318,7.296633525,9.078951357,9.1294726635,10.2156267,6.914696702,7.46872475,8.610595994,5.969856489,8.554264468,8.236344403,8.275688683,6.052697479,7.943050081,7.57667039,9.490969188,9.505206239,9.302221546,9.013892187,5.37462594,6.061757259,11.23945756,11.2030029,7.523085028,9.100803683,10.66030111,9.40708637275,7.003819914,10.529266735,7.492388225,8.317404047,10.634028072500001,7.080678871,5.667142624,6.27185606,8.820080429,9.95477957,7.893414765499999,6.216456874,9.008247708999999,8.113243556,10.60367364,6.972123877,9.631021688,8.11091112,8.576458599,7.791454515,9.983527372,8.143502484,6.694296298,5.775569814,7.153691285,9.843716059,6.973324203,7.32201989,8.743146366,7.1164017975,5.900990641,6.384169933,7.210689287,7.252566502,8.208183334,9.244537033,8.619071018,7.3208823965,6.540338922,8.728408033,8.441469709,7.2032926895,7.878789204,7.0432649385,6.37730599,8.156209662,7.354253727,7.059036508,10.84379665,5.7838408999999995,9.375954365,9.10873802,Control
GSM1033133,6.296730593,6.885263435,7.231647422,8.878056207,8.110566191,6.26382548,8.066714504,11.08719738,5.998053074,7.833699317,7.474422683,5.919383214,7.301000911,8.280798718,7.357456465,9.381964922,9.354065499,6.413290073,7.21826011725,11.275200673499999,9.446793625,10.26579508,10.4271049575,7.980263793,6.657666059,8.044349014,7.560367489,8.782468031,6.720555919,6.605724804,5.817467266,8.596869354,9.045986432,8.665765598,7.4200157045,10.10541314,6.330335174,6.787983337,8.327803524,10.94967319,11.672386585,11.4512698,7.4790027395,10.592997140000001,6.143144865,8.398842786,7.116672941,8.834954805,9.902696083,8.699915056,7.524190536,10.229828470333333,9.683068808,6.85712966,7.130205095,9.527823741,8.954443972,10.06675452,8.6148089795,8.999125072,8.206580794,7.464034695,9.831454439,8.725880312,6.104790007,7.392117814666666,8.704152835,10.3134811775,6.724083573,6.705585846,6.192603767,10.32566488,7.896010591,8.873454686,8.5634313415,10.70875046,6.459986593,7.165811375,8.901521584,6.512367821,7.768074513,7.525582594,8.834021342,7.3372481855,8.218607776,7.894789493499999,9.36494629,9.033254734,10.36714465,8.65684078,7.440569438,6.4769542,11.19062917,10.71874319,8.592172924,8.712489566,11.61843653,8.507217284,6.249737694,9.846309994999999,7.944539463,7.893785367,9.917398325499999,8.160124648,6.461866976,7.474968574,8.59769001,9.137891678,8.812294045,6.579777265,11.142215395000001,9.677735856,11.98904418,8.333791085,9.8179563575,7.828738329,8.446638798,7.638132835,9.438174328,8.191729335,7.323371947,8.162652459,7.803553908,10.16527274,8.23747999,7.505896161,9.394903059,9.356367101,7.510907882,5.927206836,8.209266388,8.144203866,8.25125424,8.448568458,6.200087811,7.7481162885,6.878810288,9.859768741,9.823435625,8.8557402455,8.634036863,8.404094287500001,6.9503984125,8.064273392,9.71674399,5.774283295,10.01664072,7.378901937,10.25180474,8.445547047,Control
GSM1033134,6.393250938,7.09630591,7.927985582,8.572192735,7.801426597,6.132962226,8.1338860135,11.33283854,6.130015788,8.194249339,7.054942657,5.793615896,7.412391504,8.850058345,7.413471511,8.904389063,9.92283178,6.2032315545,7.31889008275,11.262728564500001,9.859768741,10.40996535,10.687710222,8.85148542,7.0659319,8.174655412,7.460681336,8.68159007,6.871639786,6.482068081,6.076253555,8.911025481,9.481312256,8.30709683,7.4802346425,8.177662181,6.245913973,7.118960373,8.859190216,10.85221949,11.97746379,10.66900311,6.827798283,8.640618587999999,6.038781834,8.150771361,6.779711789,8.953062218,10.87956622,8.944200041,7.600686714,9.472729936333334,9.842182636,6.759974704,7.460395173,9.774015857,9.401175772,10.62129979,9.2935499885,8.384669841,8.626000604000001,8.133254086,10.21930897,9.160960386,6.867427282,7.122013851,8.137508495,9.697134097500001,7.269170774,7.152713484,6.145525987,8.367809788,7.188757129,9.16599968,9.1334828795,11.11693658,6.7326340160000004,7.658273429,8.582475331,6.911009053,8.614637207,7.828738329,8.758411151,6.302229758999999,8.604188056,8.096415247500001,9.85037162,8.980157921,10.2607595,8.996501063,5.502584802,6.4420181925,11.61450831,10.8668898,8.036045515,8.705061884,11.47385009,9.85125817125,7.02479838,10.335085835000001,8.046885424,8.404085748,9.702613557,7.819726676,5.639727095,7.599835207,8.619071018,9.944897372,8.111413224,6.4950612660000004,9.574937714499999,9.0922969635,10.5813468,7.554524081,9.5675625165,8.381620567,8.769332997,7.954949124,9.963193881,7.625378542,6.821954681,6.20149431,7.573093845,10.45163644,7.592398795,7.546853983,9.175479971,7.5484362055,6.479794954,6.17180966,8.022169807,7.797209575,9.213233182,8.909618259,6.899217682,6.7557694525,6.323326233,10.68698406,10.010652199999999,7.600765098,8.156891397,7.622865888,6.6397862305,7.919088979,7.988241249,7.705437819,11.03096311,6.3251540035,9.878550565,8.632009903,Control
GSM1033135,6.153857188,6.733772225,7.557824942,8.546810749,7.847391423,6.147112101,7.7749838295,11.6208765,6.702375214,8.210016891,6.941403012,5.724183207,7.12325719,8.527487279,7.681711187,9.2098695330000009,10.26897746,6.2689189955,7.691136226499999,11.476787018,9.344202174,11.23751063,11.145183007,8.638481402,6.634200624,8.677503191,7.940732127,8.623966695,6.851224143,5.885058959,5.456832725,9.084463481,9.692408127,8.033490681,6.623752628,6.467479617,6.390384429,7.048267795,9.534397611,10.54467977,12.43958607,10.29123176,7.7914236395,6.747667246,6.46878312,8.19606946,6.742134755,9.029802595,11.04196865,8.049276364,7.690278475,9.096535822333333,9.287232096,6.421770505,7.808076725,9.691751169,9.365626994,11.01684707,9.4991561205,8.2825149,8.8265489985,8.07607122,10.30949788,9.522321854,6.155552488,6.976398503333333,7.539697221,9.2277755645,8.085896722,6.971149948,6.368904861,6.561990913,6.968057954,9.321278385,9.1214157095,10.37783397,6.701965944,7.564657074,8.652637902,7.046611394,9.095876881,8.62475061,8.790493811,6.209674060999999,7.915037024,6.5691410375,10.1767198,9.787551333,9.629809107,9.214392913,5.194884287,6.456014219,10.83209536,11.26453153,7.293835431,8.750110492,10.73949045,9.00480407725,7.203263095,10.94139618,7.699604641,7.336424658,10.916731356,6.599710393,5.771666993,7.126796815,9.168294294,10.07913679,7.946702302499999,6.29839339,9.674631757,8.421420895,11.01042661,7.119480577,9.403021871,8.933000689,8.915231908,8.051769872,10.05150205,8.631283438,7.331446667,5.765771573,7.022349314,9.895402473,6.330863568,7.678566678,8.044667921,7.418953748,6.714242293,6.34709946,7.56548255,6.64838952,7.926750091,9.632382682,7.873690274,8.0929504635,6.99840941,10.09833398,10.28512281,7.736963752,7.318477385,7.0601995755,6.499895501,6.832348182,7.697621369,7.220489437,11.40535586,6.3523606155,9.321923296,9.339553074,Control
GSM1033136,6.086644265,7.052521389,7.847727266,8.541570742,7.517212831,6.287649657,8.1719042465,11.630685100000001,6.621665597,8.514770442,7.095097009,5.788578707,7.435048103,9.078460467,7.84560162,9.080911526,10.81723575,6.3860425205,7.754285197750001,11.607292946,9.187578673,10.8946043,11.127997515,9.127456317,6.99426071,8.461876806,7.383427137,8.670877011,7.099198376,6.486779835,5.575431604,9.146796914,9.539299864,8.186275977,7.025769975499999,6.473712119,6.501725583,7.140919001,8.92322505,10.74229837,12.51017552,10.60242974,7.2937317665000005,6.786065621500001,6.709478607,8.27896663,6.926097802,9.096454099,11.52089414,8.428274817,7.943050081,8.969612969666667,9.833656579,6.46251335,7.915671801,9.300562683,9.342494589,11.2030029,9.489339589,8.133254086,9.0634552555,8.21221624,10.46513555,9.150166087,6.411108043,7.088166688666666,7.877031464,9.3960127165,7.574176143,7.385759773,6.16269248,6.268068518,7.257702867,9.324244649,9.592363518500001,10.73832143,7.015169133,7.833427838,8.795235202,6.933745224,8.969242836,8.873927179,8.719634519,5.8121784625,8.620244791,7.069955551,9.977617007,9.516250295,9.826689574,9.240686482,5.112096168,6.5489475245,11.18730661,11.50006399,7.56187634,8.6004731,10.98511337,8.201527676000001,7.484174927,11.132395685,8.040353728,7.964520434,10.876699439500001,7.226604757,5.79379892,6.975063562,8.741882922,10.61305776,7.828731045,6.184746321,8.672185341999999,7.9120652825,10.42198429,7.313448353,9.4337994695,9.018921358,9.039606901,7.837652519,9.749404455,8.047579321,7.520825606,5.368196583,7.199687574,11.37224629,6.91032271,7.137146132,8.673345902,7.184348708,6.477031761,5.864782149,7.649918553,6.541094334,7.963213161,9.884086355,6.428983692,7.003256975999999,6.200414881,10.05494441,9.665376257,7.126890695,7.840690624,6.892823407,7.0818233735,7.45959819,6.905989848,6.778037846,11.72634501,5.5240638465,9.686793189,9.527074113,Control
GSM1033137,6.13842147,6.861832587,7.7096133,8.840586951,7.461263798,6.223176293,7.9007381720000005,11.51264733,6.421381416,7.933763893,6.712015027,5.598098999,6.958920182,8.432252387,7.558685761,8.717045037,9.85037162,5.956480690499999,7.590407375,11.5662255905,9.175479971,10.41986101,10.90187659,8.473972904,6.851912105,8.156544745,8.162350094,8.491996697,6.770972379,6.500412989,5.746173978,8.977138408,9.572521553,8.289290713,7.2109446885,8.701619154,6.351580359,6.758685438,9.152523312,10.08973637,12.154987985,11.10367233,7.8522649235,9.024900771,6.959199897,8.183201872,6.596261649,8.834021342,10.73294081,7.994029573,7.705720932,9.96277327,9.654279734,6.007204592,7.513913335,9.381432955,9.357885773,10.98366621,8.948416193,8.789578056,8.475810454,8.081060375,10.24402119,9.269593719,6.895111409,7.781377685333333,7.8516237,9.292329661,7.342108751,7.391618633,6.116140448,8.891083718,7.217823154,9.022048524,8.876314600499999,10.63913714,6.957044896,6.971636381,8.857207658,6.526913508,8.402575591,8.207488655,8.078765491,7.240423152,8.449229719,7.8084526935,9.828920612,9.473594124,10.40323233,9.380734991,5.84126597,6.1082301915,11.09374697,10.5677613,8.445547047,8.26977695,10.48435678,8.5741170455,6.7187035,10.44713377,7.537523468,7.396049564,10.4323167635,7.07221011,5.409259623,6.834288973,9.10873802,10.04773629,8.424023635,6.364399313,10.737575764999999,9.0705276745,11.59671639,7.530154872,9.8515726895,8.217281289,8.555032971,8.628384779,10.3013797,6.803514297,6.876780586,6.411290098,6.950740053,11.30597464,7.324126069,7.197672479,9.488916643,8.711870005,6.977457097,5.428460027,7.444880888,7.587331727,9.242936115,8.961520053,6.540711521,6.556731355,7.0324622,9.640870083,9.531836409,8.5987314505,7.978242536,8.0607634385,6.0438017565,8.044667921,9.497961608,6.51703687,11.08885986,6.839315632,8.986659019,9.005556438,ASD
GSM1033138,6.248726635,6.779064278,7.745037772,9.030767317,7.947804939,6.334097068,7.988697266500001,11.43298373,6.36834939,8.312293926,7.169163932,5.682018383,7.202488186,8.724243942,7.543240982,8.906734061,9.765434027,6.310824049,7.53220321625,11.6178980155,9.584971119,10.14418899,10.602947131,8.600899225,6.817973834,8.090223139,8.366625461,8.518312376,6.626288319,6.383269298,6.465639833,8.83093025,9.546333222,8.840586951,7.555404583,9.438818906,6.412021014,6.934000987,8.502022642,9.82592281,11.9656447805,11.27768135,6.8276749384999995,9.632525615999999,6.123256968,8.445151395,6.463004012,8.952189415,10.67556715,8.464550775,7.647324313,10.209401751666666,9.286710805,6.796126222,7.591872116,9.640870083,9.518309003,10.90167123,9.055514939,8.720608374,8.698930987499999,8.009531842,10.5777501,8.98613454,6.677417215,7.321871866666667,8.118061664,9.804612118000001,7.31897122,7.273293039,6.130650405,9.495380541,7.474695557,9.206601646,8.7319889645,11.13507527,6.488532044,7.417912818,9.377719185,6.439620954,8.581333225,8.125857325,8.893494447,7.5058632195,8.723735495,8.326514858500001,9.836033786,9.176623495,10.63581025,9.09704064,6.559660206,6.383336171,11.55542192,11.05103257,8.714175412,9.194238412,11.53159241,10.19511760575,7.183472444,10.518247685,8.135804278,7.651905341,10.1404505685,7.850697151,5.847005753,7.61455262,9.07994303,9.745781975,8.312460084000001,6.003936389,10.55891797,9.0389712765,11.71260139,8.035400464,9.8767593685,8.285660703,8.739310546,8.122792189,9.391203729,7.865060681,7.938807856,7.185063925,7.544100743,11.04652875,8.049909252,6.965229594,9.146796914,9.708325651500001,6.492776932,5.581736848,8.080106178,8.077743409,9.420740083,9.119393992,6.943070061,7.585838516999999,6.700318603,10.01826397,9.897796199,8.965754854,8.525083292,7.7826662965,6.6572265255000005,7.867299526,9.159753719,6.283663347,11.2030029,7.139704,9.828062568,8.730200439,Control
GSM1033139,6.475098861,7.265777055,7.522829739,8.222521825,7.450470608,6.191976978,7.805414428500001,11.18887039,6.469880309,8.314178099,7.073233901,5.904511563,7.56548255,8.30169368,7.527465961,9.019473578,9.701574551,5.9282987044999995,7.63213307875,11.2228032525,8.916775932,10.483048,11.0823613815,8.509366207,6.581434262,8.28494839,6.944864647,8.593656991,7.100916075,6.293086375,5.582785578,8.684627974,9.318221015,8.014789658,7.146631971,6.77604953,6.358153506,6.918202533,9.388074506,9.512368396,12.22836871,10.19697743,7.999625977499999,7.029702386,6.307021234,8.347337482,6.896446836,8.77933492,10.42520095,8.363415697,7.384526129,9.099247228333333,9.929051931,6.525554801,7.299741893,9.212103902,8.975046262,10.58724207,8.768736586,7.661004917,8.2598552445,7.74807142,9.907237223,8.797106228,6.557684008,6.950952113333333,7.921059201,9.640159673,7.312334267,6.738717637,6.316668478,6.778037846,7.424133588,9.052220228,8.844814152,9.980920256,7.142980059,7.342355029,8.936983507,6.840026988,8.176035918,7.737396595,8.292891863,5.8251971035,8.491209983,7.0171015765,9.588263134,9.539976626,9.953951788,8.592172924,4.988612086,6.071107979000001,11.23049294,11.07943448,7.697345471,9.033254734,10.94122045,8.3088391345,6.854481416,10.318561275,7.360838671,8.134788444,10.498470082499999,7.182996006,5.652527979,6.19229508,8.370507994,9.883305143,7.748764081,6.63438874,8.854892883,8.1262404635,10.46620035,7.214412957,9.5821176305,8.20236071,8.558518524,7.50096602,10.28313337,7.979543082,7.129713963,5.58975265,7.267593058,11.88304943,7.055856917,7.021650974,8.574458544,7.0848591469999995,6.375218804,6.243723941,7.559544692,7.452375863,8.124813124,8.784168601,5.913551171,7.982240772000001,5.626717145,9.622774154,9.53252142,7.069427431499999,7.958437792,6.9222341165,6.724420288999999,7.834295867,7.244552388,6.629327501,10.80933722,5.5874548125,9.604553877,9.261242035,ASD
GSM1033140,6.311485447,7.336135149,7.790043389,8.753534165,7.7856737,6.069495411,8.1784369565,11.1303409,6.24408655,8.134511587,7.303648141,5.612946866,7.748946258,8.541570742,7.497950956,9.264123779,9.897013274,6.13425687,7.4802446315,11.517300004500001,9.941630073,10.58497118,10.58915353,8.898668007,6.837167118,8.543097859,7.072715069,8.705061884,6.757397184,6.242399086,5.964707572,8.978145441,9.415903962,8.52314206,7.641614772,8.556521315,6.278396483,7.040509978,8.975046262,10.75004066,11.773075063499999,10.80020692,7.434448957000001,8.994141069,6.156786895,8.448568458,6.692845612,9.154712666,10.61772699,9.07994303,7.627134481,9.615105411,10.05756643,6.564008126,7.467549324,9.854994162,9.455062572,10.59611644,9.0209484395,7.775003512,8.5804868675,7.875550001,10.28215461,8.885524149,6.496051114,6.727405711333334,8.261702023,9.7600336635,7.247571753,7.578746591,6.154486116,8.502435572,7.703417932,9.3075286,8.932533119,11.08578128,6.436034024,7.562174084,8.947227298,6.617406008,8.711564363,7.829387514,9.010851578,6.4578347535,8.611402065,8.3590982825,9.819431979,9.211579816,10.66030111,8.672089613,5.667774053,6.3818893355,11.87043967,11.0324002,8.498090257,9.405723293,11.10200721,9.739948117,6.998638125,10.54366614,8.337404725,8.600059033,10.179545989000001,8.213767838,5.886537778,7.683166511,8.684152999,9.739817599,8.3332845135,6.42196349,9.659137485999999,8.627607522,10.86108886,8.122450015,10.214552557000001,8.41396634,8.8205446,7.629752176,9.613028548,7.579039516,7.731845592,6.523634868,7.45907062,10.77165629,7.975570172,7.348326822,9.033254734,8.2275109335,6.706633801,6.233113663,8.066529179,8.609393699,9.204879602,9.072601084,5.953314319,6.9585998865,6.18796044,10.39314433,9.370482427,7.753103832000001,8.625189244,6.638101662,6.6838727764999994,8.42409045,7.841893731,6.630768647,10.79896495,6.2213855925,9.950641445,8.818233672,Control
GSM1033141,6.021723068,6.708573175,7.681395525,9.221929525,7.936960674,6.118994399,8.009868411,11.63292139,6.636258699,8.003555623,7.292000011,5.431576018,7.010203008,8.333445055,7.267878017,8.608604875,9.35982039,6.316409781,7.19111928625,11.455610324,9.381432955,10.39072661,10.2394387205,7.993449723,7.29045596,8.401503823,8.823376306,8.596024209,6.499110078,6.315503775,6.659101149,9.093081632,9.260698385,8.687620945,7.2212115885,8.754400261,6.416456655,7.035124533,8.432616063,10.91029056,11.6129806345,11.34505483,7.0057463205,9.3040708095,6.440021987,8.109858806,6.287107662,9.027725073,10.43395214,7.918778673,7.733632015,10.218287698,8.682458448,6.608393692,7.316270304,9.864534037,9.895402473,10.74229837,9.067360322999999,9.430851592,8.768562881,8.21221624,10.49931622,9.336400173,7.171201085,8.607278417,7.531530019,8.905428805500001,7.772277113,6.914696702,6.28090211,9.052220228,6.646301746,8.997597686,8.742360955999999,10.53775299,5.842456717,6.853089616,9.085023485,6.208316144,8.42409045,7.494014381,8.835947914,7.668779742,8.564999423,7.090384281,10.06675452,9.350635697,10.95546154,9.503964803,6.443534867,6.5577675525,11.11693658,9.952418076,8.360763343,8.012155827,11.75847308,9.7388391155,6.422342892,10.026362948500001,7.648485746,7.047328256,10.2028120625,7.897865062,5.672056126,6.937233042,9.140197566,9.514303139,8.5073812965,5.62859806,10.843191175000001,9.0587164095,12.14272997,7.269951094,9.848467703,7.902514094,8.665069154,8.394982969,10.63346925,7.530400876,7.189208513,6.373626318,7.391618633,10.55407436,7.627727155,7.474695557,9.239543522,8.419882681,7.808348011,5.756939346,7.82294948,8.178681679,10.24010371,8.621968297,7.393903198,6.552701559,8.62475061,9.868760506,10.05756643,9.3480420805,7.916943032,8.6502710285,5.791970903,8.605396871,9.842957994,6.471017325,10.55986576,7.054118182,9.72301725,7.896896151,Control
GSM1033142,6.454064635,7.130847944,8.046288819,8.51286775,7.62118965,6.023232551,7.938832381,11.57519405,6.616339375,8.179719707,6.95211992,6.417947105,7.314471006,8.57848687,7.581602214,9.146796914,10.15575087,6.101295541000001,7.5903962805,11.484245318500001,9.390588998,10.91029056,10.737998685,8.956503503,6.628705029,8.371610225,7.519446201,8.809878261,6.986042896,6.475098861,6.259105974,8.85861923,9.553139661,8.242810949,7.058956159,6.964747969,6.520425802,7.245587321,9.274679651,11.07624033,12.14220423,10.50389759,6.8756975485,7.327992437,6.471994979,8.195354786,6.579358447,9.004074125,11.13507527,8.459050008,7.75398965,9.244988067,9.229021535,6.547808557,7.603898334,9.841418695,9.507090644,10.90026749,9.187169168499999,8.123740862,8.721043974499999,8.183201872,10.15085987,9.357885773,6.342567858,6.994869045,7.860820152,9.362710718999999,7.902514094,7.116672941,6.08781228,7.173616498,6.831715553,9.522321854,9.100789249,10.65558607,6.157869531,7.90151349,8.897539658,7.025006388,8.800296819,8.327090716,8.534378213,5.949928208499999,8.793886156,6.502543868,10.12851281,9.524900371,9.420740083,9.062329305,5.175527946,6.3387463165,11.18019523,11.49786116,7.605848804,8.768857099,11.26797453,10.0821874355,7.307177894,11.0591164,7.778651164,8.005168284,10.462305975,6.973324203,6.403967162,7.491589803,8.792620079,10.16144074,7.7104376355,5.831498419,8.787067819,8.2123656785,10.58724207,7.016850151,9.674364324999999,8.707221172,8.942639956,7.930545505,8.972590703,8.449229719,7.217250393,5.603289091,7.241234937,10.08007617,6.822610235,7.358999339,8.290778636,7.2597489835,6.789770124,6.729155325,7.743124355,6.602324278,8.308146636,9.491611729,6.31616792,6.520491178,6.226473254,10.22817938,9.338847063,7.408739661,7.711336992,6.9463180265,6.1951542085,7.533176189,7.156224539,6.782165244,11.34150598,5.742682681,9.657011781,8.821515187,Control
GSM1033143,6.253387196,6.805978552,7.788013949,8.368954547,7.383141584,6.132822695,8.147079065,11.56376247,6.653596791,8.199150674,7.07510565,5.585668813,7.181950831,8.485383882,7.630645903,8.97359352,9.946588425,6.212108582,7.6970813535,11.414714081,9.688898825,10.84907401,11.250662865999999,8.936540286,6.51895469,8.348845738,8.00922476,8.53733639,6.828055071,6.707737066,5.507076821,8.776465542,9.545015493,7.970630871,7.235837429,7.321795306,6.315200483,6.642167867,10.05677052,10.62747563,12.612575815,10.50514006,7.3385915665,7.832303624,6.454995804,8.466389571,6.750408755,8.775576196,10.88210638,8.55026301,7.574745177,9.191874649,10.35520794,6.479988089,7.875252165,9.371768169,9.154712666,10.9172283,9.265646348,8.080738921,8.623309150999999,7.930904213,10.22817938,8.957451343,6.654035139,7.179382846,7.617957421,9.175173804,7.2091942,6.797317541,6.18780249,7.309854867,6.917969168,8.870645279,9.375116441,10.67179062,6.95539611,7.953715342,8.967762537,6.957312936,8.771535177,8.588990668,8.51593357,6.182274641499999,8.647124866,7.632748438,9.802783063,9.678069795,9.802089254,9.220097379,5.37040668,6.3910761965,11.1922946,11.15049642,8.22006072,8.78286312,10.86533376,8.91894973025,7.284434317,10.803609869999999,7.601784231,7.907467578,10.5906356315,7.374294153,5.997425747,7.857708366,8.318431876,10.42937383,7.676561845,6.50871026,8.862500450999999,8.508499206,10.54241045,7.532883679,9.5861712095,8.748836158,8.507663003,8.082430336,10.16054752,7.873058365,7.663912938,5.455495063,7.021650974,10.36607127,6.971636381,7.168188944,8.724647561,7.9533617425,7.198702896,6.374154148,7.499014025,7.326720532,9.305817114,9.698066449,5.797206501,8.26521243,6.670981955,10.30622957,10.20903187,7.5553056995,7.789177541,7.2173153265,6.959450209,7.944852602,7.840370041,5.681103869,11.54194417,5.84005272,9.225251148,9.323563169,Control
GSM1033144,6.325595423,6.797317541,7.634057613,8.653565952,7.447986159,6.227592293,7.7395162855,11.49125123,6.406356218,7.996370305,6.982545717,6.085325287,7.309353967,8.297690388,7.39211363,8.844421418,10.03163836,6.0076403005,7.6884632045,11.186229195500001,9.444219515,11.07449173,11.066407031,8.778151787,6.610380701,8.47096287,7.974296355,8.621557439,6.718481923,6.463378416,5.39036977,8.73840038,9.3936717,8.110241369,6.899775538,7.75369266,6.456291419,6.871422607,9.779996992,10.2890202,12.484823734999999,10.42309835,7.243806669,8.1201922705,6.094480589,8.507326961,6.901472455,8.745848569,10.86108886,8.663750408,7.396586048,9.164984006666666,10.01738761,6.393067664,7.656251442,9.409989149,9.332760377,10.74490063,9.018491327500001,8.108553694,8.6914188965,7.859238659,10.13648337,9.021013165,6.222026842,6.789726381333334,7.768074513,9.408471093500001,7.724765246,6.853983466,6.372175947,7.94169217,7.226604757,9.232501783,9.152913832,10.48886699,6.819058871,7.619824741,8.155910122,7.056360631,8.722884259,8.263934497,8.647124866,6.103108628999999,8.182145689,7.7870201495,9.591148911,9.641543006,9.915398091,8.943603321,5.4065742,6.29453238,11.0621854,11.10042001,7.921634939,8.552670763,10.81069647,8.0842551975,7.038796269,10.580673255,7.617957421,8.078081638,10.777083214000001,7.399563484,5.522808164,7.000288259,8.60618315,10.12021126,8.0235092225,6.053644381,9.166611842,7.955497265,10.77964296,7.307177894,9.4677881759999991,8.418849271,8.586946795,7.623665874,9.666757754,7.911522304,6.855162108,5.934880436,7.188757129,9.480748591,6.967843449,7.296633525,8.445547047,7.989364789,6.191003669,6.287467146,7.543802637,7.030034973,9.212650549,9.104775656,7.564657074,6.986685451,6.30076192,9.469652642,9.313428316,7.348133483,7.876094409,7.026952639499999,6.8743565664999995,7.430985594,8.065556503,7.353207534,10.95287627,5.8834310945,9.386388347,9.36494629,Control
GSM1033145,6.163965326,7.030780889,7.451320603,8.189484034,7.556678251,6.016159915,7.796681262,11.28355668,6.410365359,7.970954975,7.198182857,5.905906372,7.42033232,8.459503959,7.529352295,9.355312215,9.58688893,5.5823242615,7.5676379335,11.458971612500001,9.447362798,10.67681121,10.738810513,8.83093025,6.817758704,8.4607293,7.443251844,8.728866517,6.846815844,6.363886764,5.57899707,9.057004274,9.603305148,8.47596743,6.974547547,7.102635183,6.299563641,6.911712468,9.678069795,10.82133624,12.263602885000001,10.16054752,6.999567184,7.5083435155,6.481707963,8.441469709,7.159041266,8.749201633,11.04955731,8.613375473,7.737396595,9.349120517333333,10.4764224,6.371014657,7.46263384,9.790577069,9.223002964,10.9203093,8.7832019505,7.573348757,8.630076759,7.754320771,10.26275381,9.30987289,6.374154148,6.436352404333333,8.23747999,9.791950225,7.73421049,6.957739005,6.015496363,7.403052768,6.844659292,9.020020547,8.608348149,11.13872988,7.350928601,7.571440918,8.596024209,5.619231635,8.773767337,7.930251886,8.50618644,5.8805678005,8.315632837,7.700530743,10.25876084,9.337568099,10.43836978,9.218345925,5.175686693,5.2807128315,11.25222662,11.66063101,7.841893731,9.041122244,10.84379665,8.099536523,7.623377851,10.689750335,8.277543161,8.406043888,10.410147524,6.997171293,5.564106893,6.856487505,8.41396634,10.26479185,8.095127362,6.36675694,9.1392441075,8.139079025000001,10.71261544,7.788304873,10.070414187,8.688407294,8.53471813,7.70454125,9.754477007,8.177346821,7.052060333,5.76085883,7.233480409,10.8887775,6.751964149,7.316270304,7.949917084,7.5657111695,6.288504076,6.824165928,7.478210061,7.502565056,8.320373468,9.354685845,6.978701104,7.542742963,6.419750915,9.957352922,9.799856386,7.372102431,8.166794652,6.7953626085,6.910351497000001,7.027971848,7.520516049,7.323371947,11.54858729,5.862354229,9.423881003,9.53252142,Control
GSM1033146,6.2620048,6.699020923,7.777196396,8.849070073,7.716002744,5.979430599,7.9263511035,11.61230696,6.651707221,7.885174748,6.836510362,5.988700097,6.888422607,8.287419872,7.291748387,8.964377349,10.14698306,6.1273673705,7.53025930125,11.427682851,9.283258471,10.75801068,11.285847804,8.755674099,6.613021081,8.414402086,8.368555571,8.737980468,6.781704976,6.596633575,5.635123557,8.951648293,9.349485604,8.182845499,6.9793829160000005,8.220778532,6.467665255,7.053745564,9.494120907,10.7176008,12.567614965,10.39747399,7.198689882,8.6673158875,6.552527171,8.245674885,6.774281227,8.695755053,11.0324002,7.807480512,7.554797011,9.634133945999999,10.01407266,6.218868232,7.703417932,9.63310167,9.279029263,10.73698659,9.1231426855,8.652231446,8.619629331,8.031263046,10.27105128,9.343074157,6.007904289,7.339607439,7.243793646,9.358901826499999,7.730115013,7.21269433,6.175408031,8.233881207,6.731576234,9.146796914,9.2701727915,10.43395214,6.695175954,7.865347841,8.472830449,5.645319742,8.776465542,8.172207553,8.573325266,6.828356167,8.103037405,7.276843227500001,9.930775205,9.502024297,9.664692924,8.962541472,5.77643395,6.2805076455,10.90892633,11.37037424,7.689032478,8.503149751,10.46738412,9.39813991,7.055856917,10.725123360000001,7.307433618,7.303912742,10.414365818,6.868859458,5.770992196,7.205335663,8.92519571,10.33417236,8.417017419,5.853693379,9.5032081845,8.752168096,10.88098095,7.3587291,9.262114398,8.516698492,8.257852344,8.11091112,9.787551333,8.074124866,7.110825606,6.091239865,7.014672445,9.015973572,6.785568484,7.270438302,9.0688022,8.090762964,6.242064503,6.559841944,7.484174927,6.963263853,8.401503823,9.38753602,7.688109247,7.713807517,6.937906442,9.658328648,10.111906,8.1816955425,7.429880107,7.789292456,5.822855811,7.399263164,7.932197948,6.63438874,11.28889019,6.708948836,9.163688951,9.055901053,Control
GSM1033147,6.212133671,6.918202533,7.631825334,8.771088909,7.584377792,6.627481756,7.8119911535,11.25413323,6.431759239,7.75369266,6.958221807,6.356903661,6.904586137,8.229276708,7.423322856,9.483393101,9.72301725,6.304421304,7.79670512,11.538265521,9.20099005,11.16277229,10.8746535595,8.774196826,6.5133556,8.883200519,7.875550001,8.470202797,7.115456628,6.555339924,5.661004581,8.781987066,9.717409162,8.216594873,7.298547965999999,7.387367355,6.688025583,7.0478127,9.908968396,10.72131114,12.39751567,10.51897499,7.2506422045,7.942930690500001,6.125360107,8.509366207,6.792210424,8.84349981,10.62269705,8.294737776,7.469300911,9.278598383666667,9.615333286,6.871422607,7.524467224,9.586304515,9.478791903,11.03096311,9.4107536035,8.736319123,8.7866898315,7.991096926,10.18433881,8.88952748,6.379906654,7.339226492666667,7.857412283,9.643520809,7.299741893,6.693443774,6.736953422,7.51578322,7.343333645,8.967226034,9.0764904805,10.38827542,6.83607364,7.661314342,8.558108415,7.270684559,8.574073177,8.060356606,8.665069154,6.5042294465,7.680044288,7.403831879,9.652850334,9.718033759,10.04411262,8.894407901,5.650340076,6.258273178,11.18225399,10.90747825,7.742811761,8.647931634,11.41338912,8.0328500185,6.774490616,10.457859335,7.413770337,7.547456483,10.6663022135,7.400338343,5.779550595,7.009977219,8.75746176,10.03621946,8.480917404,6.053918481,10.150822607,8.5501521415,11.23751063,7.335092163,9.631670096499999,8.214155246,8.570592753,8.285317388,9.57173379,8.273767,7.270213831,5.752146581,7.490781249,8.781121917,6.774949692,7.395239876,8.882199629,8.395245976,7.160329409,6.590517503,7.931537075,7.416332334,8.741038581,9.3260474,6.707511577,6.6473261845,7.25281657,9.524315559,9.316434008,7.873894980499999,7.681711187,7.5960693,6.606884723,7.731845592,8.556521315,6.420824332,10.81860036,6.3008398324999995,10.12396198,8.53108035,Control
GSM1033148,6.211819948,6.90620812,7.680044288,8.958512274,7.550423328,6.370151759,7.8886635765,11.43298373,6.592072326,8.509775273,6.832565836,6.047503388,7.111329455,8.583892397,7.347783127,9.225251148,9.703752098,6.1268627815,7.64625433625,11.246170536000001,9.706593788,10.81723575,10.812962175,8.286365112,6.432856365,8.466389571,7.437957369,8.216594873,6.778037846,6.301802711,5.595200074,8.952627942,9.475481042,8.119766335,7.213761512,7.940375098,6.542830024,6.741683229,9.099686297,10.24010371,12.19668854,10.5924038,7.57016253,8.536658412,6.165035997,8.52022346,6.468205676,8.520956759,10.57389922,8.056361189,7.744741121,9.601748638,9.469652642,6.323502908,7.33117684,9.600742385,9.615990526,10.15858802,9.219315361,8.676269172,8.597426756,8.014490609,10.08531366,9.456418318,6.450938952,7.120903927666667,7.649036153,9.269209043,6.9864608,6.729761565,6.261819186,8.115789066,6.80748276,9.111626733,9.041458405,10.20730657,6.513155548,7.250046368,8.106078926,7.160780261,8.534378213,7.825377388,8.540053467,6.480195854,8.17902512,6.4862445275,9.85263253,9.491611729,10.08265641,9.283852984,5.90440076,6.4333988635,11.37792796,10.55986576,8.067188239,8.53471813,10.75276918,8.1523075665,6.587688072,10.31204585,7.311120307,7.284979077,10.18636072,7.327279484,6.100189086,7.342355029,9.057004274,9.964894703,8.2980700465,5.959335901,9.9166183795,9.1085199285,11.04028675,7.287050757,9.4835166065,8.117100305,8.659677391,8.792192184,9.460262593,7.906243362,6.933048356,5.931570196,7.142471064,9.60131659,6.773628992,7.549044007,9.01849386,8.439282077,6.644832281,6.634813029,7.487238277,7.589067917,9.484144573,8.968787469,7.958116661,6.8106291125,6.988953355,10.04411262,9.180371946,8.119712696499999,7.496197766,8.0957282485,7.0695158775,7.566823528,8.330482731,6.951418259,10.79615527,6.4263151005,9.446159971,8.458738471,ASD
GSM1033149,6.570300309,7.068096784,7.591872116,8.160447302,7.513913335,6.797073634,7.642930607,11.44724879,6.48398002,8.086243255,7.164090407,6.177251515,7.367818411,8.455205445,7.733345639,9.119934724,10.23420468,5.7867984275,7.9012547735,11.317680755,9.227416402,11.15404767,10.9063150585,9.050744088,6.495459028,8.339446056,7.206139536,8.566905689,7.160107279,6.30961762,5.546837843,8.919186331,9.763130649,8.032840986,7.2251880055,7.043535685,6.63438874,7.155487549,9.112797434,10.3449355,12.128221674999999,10.11716565,7.023658627,7.270789189,5.884209435,8.268036614,6.618435412,8.88693313,11.10200721,8.324133085,7.716331384,8.846823424333333,9.886591298,6.735054229,7.483620503,9.470258629,9.025135269,10.96152016,9.254540525,7.770158676,8.857963742499999,7.894774994,10.25570302,8.905355943,6.160816049,6.698413381,8.17432736,9.652717268,7.382372096,7.0049908,6.344514548,7.006439938,7.304483405,9.201576841,9.2568624905,10.24689004,7.206675897,7.634643758,8.741882922,6.942086159,8.849598996,8.278242289,8.97359352,6.0221391875000005,8.168795251,7.0154363515,9.720181588,9.753778802,9.239543522,8.99011668,5.337552527,5.9446212544999995,11.12032126,11.32166757,7.603898334,9.363681833,11.59067241,8.194074059,7.236226901,10.932290135,7.582703654,7.836099292,10.7444631525,7.244798696,5.639488734,6.841110186,8.740189136,10.35616072,7.917169127999999,6.211485783,8.909497788500001,7.6545860085,10.41560523,7.096574702,9.6051164725,8.704601637,8.809423987,7.744741121,9.356597599,8.21114955,7.433988637,5.427245962,7.699604641,10.15001566,6.630768647,7.57169616,8.082430336,7.241728817,6.191976978,6.616787135,8.002011038,6.731975635,8.070181669,9.158653658,6.456678766,7.2967621365,6.559439612,9.733133183,9.427791078,7.36317349,7.996708218,6.6051635614999995,5.9945071905,7.620887276,7.187813821,6.367248993,11.34706545,5.6397095230000005,10.12481545,9.306430089,ASD
GSM1033150,5.68139101,6.819514103,7.961358926,8.928671061,8.115789066,6.067849403,8.2343879455,11.42373555,6.205681206,8.374675544,7.249272281,5.41619158,7.465695412,8.861238737,7.38424541,9.050256509,9.962284517,6.226401701,7.5006011057499995,11.529032602000001,9.889790696,10.32013912,10.396845722,8.56656218,6.479988089,8.461876806,7.748946258,8.75054464,6.903869909,6.576858211,6.427702599,9.022048524,9.615990526,8.489634,7.490480197,8.43300406,6.325776266,7.416065821,9.17814345,9.212103902,11.81017113,10.71402858,6.691708945,8.7861804735,6.283663347,8.766360052,6.854481416,8.836349564,10.70101042,8.622313563,7.822076301,9.638660579333333,9.75134843,6.720555919,7.545987103,9.905732959,9.422069445,10.64923317,9.245511669999999,7.928655509,8.5344210885,8.119766335,10.32865706,9.288400503,7.532585519,6.504511942333333,8.49041383,9.786792027499999,7.288339115,7.096574702,6.14570941,8.603306114,7.453205998,9.495380541,8.923286227,11.38762234,6.534310141,7.623965145,9.428338686,6.370151759,8.468007175,7.960065443,8.863165304,6.4545045375,8.208526712,8.430567899500002,9.842182636,9.012878573,10.5180074,10.0326998,5.500077845,6.2962946715,11.50006399,10.60367364,8.9639394,9.265367317,11.40535586,10.3226926145,6.883195086,10.569173164999999,8.302804503,8.018973607,9.828194438499999,8.682458448,5.936019219,7.616840672,9.456963227,9.702322975,7.9728435939999995,5.68605929,9.509654978499999,8.712176099499999,10.85221949,8.185619673,10.275926832500001,8.511341662,8.47637319,8.048942948,9.566293625,7.597530607,7.913784207,6.03736324,7.750864251,11.14204616,7.263483235,7.371754518,8.709420684,7.861802648499999,6.031882586,6.216608065,8.126181633,7.730115013,10.22425865,8.837292053,7.021409049,6.767181733,5.886774945,10.36913411,9.463902098,8.1732220925,8.291805835,7.007110866,6.731906725,9.349485604,8.333791085,7.13665332,10.83995658,5.739884975500001,10.07913679,8.406043888,Control
GSM1033152,6.129225481,7.009977219,7.477673988,8.291805835,7.825957484,6.190062248,7.7882828235,11.35689837,6.492776932,8.201007993,7.186036737,6.021723068,7.223508818,8.402961389,7.550990562,9.251496039,9.98266826,6.1824447615,7.719190045,11.1843025175,9.33156187,10.63111385,10.920037426,8.744943736,6.491471239,8.65684078,8.333445055,8.43376373,6.987659397,6.143472977,5.46675009,8.810340281,9.853403915,7.84560162,7.160441926,6.95301249,6.549630999,6.817518992,9.340754055,10.50035083,12.138553105,10.27296775,6.876167999,7.356035455,5.914045195,8.29994694,6.628489744,8.718848081,10.67556715,8.20236071,7.415307695,8.863670570666667,9.130896067,6.615264551,7.6372972710000004,9.176623495,9.061852388,10.98963987,9.1964548965,8.038710197,8.792565474,7.789177541,9.85185341,8.964377349,5.666055192,6.751885221,7.567116683,9.2023361225,7.966947972,6.589932851,6.487739028,7.194257998,7.144211518,9.3075286,9.214406437000001,9.943273874,6.736325133,7.414051506,8.399247919,7.131107991,8.516326382,8.180764312,8.828101905,5.9871309165,7.871207448,7.266657418,9.894660041,9.621470732,9.027725073,8.755674099,5.364487013,6.4035837955,10.91298928,11.20123021,7.800135435,8.49041383,11.4412376,9.021214316750001,6.852423453,10.557847135,7.059562295,7.441671262,10.4360752295,7.214985968,5.794501933,7.596152817,9.101761873,9.969066564,7.777625144,5.817940861,8.946145969500002,7.620992515,10.68940032,6.838526521,9.2247346525,8.072862583,8.5239620209999991,8.409426069,10.16428624,8.527896344,7.247327048,5.825385988,7.171201085,11.21010004,6.511047593,7.268141929,8.464908698,7.2931782805,6.472959077,6.514097229,7.750341556,6.699468084,9.098114507,9.070988556,7.591872116,7.610764988000001,6.425639417,10.43725502,9.78827673,6.898846079,7.32387028,6.8951725945,6.5465307565,7.811273576,7.274087736,6.913995307,11.11212916,5.8292272545,9.845774983,8.785005935,Control
GSM1033153,6.329458874,7.200985383,7.495936799,8.135106906,7.425427519,6.542830024,7.9025691885,11.16758882,6.236984432,7.97459689,7.080002161,5.947673374,7.530154872,8.574458544,7.989484738,9.207117557,10.06291444,5.951780016,7.714052158,11.117653485,9.439969023,10.87106745,10.8069002255,8.494348108,6.334097068,8.444389446,7.600102497,8.410944664,7.195750729,6.606541243,5.664871796,8.660035113,9.424578155,7.883036419,7.146395237,7.846449909,6.651933316,6.728281871,8.614205843,10.45832561,12.17943656,10.71402858,7.2038852955,8.0128119575,6.134671864,8.613375473,6.708793894,8.635271519,10.73949045,8.841809468,7.443829418,9.072502745666666,9.590443721,6.464493509,7.623665874,9.057516814,8.902004197,10.95693498,9.023846568500002,7.57703327,8.4774776705,7.799020852,9.848874438,8.774642568,6.480172226,6.692669551,8.146715886,9.912926374000001,7.412899108,6.670387391,6.274205019,7.938807856,7.626844553,8.922719622,9.022135227,10.72895559,6.847245107,7.449572068,9.005073679,7.237024905,8.488464092,8.053778981,8.602519497,6.0700328365,7.740077769,7.8638817805,9.526374994,9.162678161,9.947370975,8.903470747,5.536263573,5.9674312525,11.21174308,11.11693658,8.221486628,9.352456718,11.31001845,9.310105318749999,6.97797322,10.48946559,7.852512489,8.011470343,10.4030121435,7.751420327,5.883989402,7.325440594,8.644729944,9.827321657,7.9884574085,5.761024184,9.2761025945,8.2873563395,10.82133624,7.364458856,9.8117893175,8.577714434,8.767983423,7.960065443,9.702322975,7.45372117,7.280380761,6.226139013,7.475498948,9.959725022,7.139697198,7.169677492,8.6879803,7.8657300985,6.419380373,6.379721595,7.850357881,7.344639742,8.876686215,9.217764752,6.439620954,7.712189283500001,6.496849706,9.650072976,10.32975105,7.313592705,8.062960457,7.099276413,7.118171989,8.132876289,7.307177894,6.771616539,11.1089062,5.952778625500001,9.959079912,9.371768169,Control
GSM1033154,6.521556752,6.891635001,7.481923353,8.392288705,7.717210147,6.437516996,7.7742646675,11.34706545,6.308900009,7.998285232,7.069762394,6.175220799,7.131107991,8.583173107,7.911522304,9.467714928,10.05402506,6.1034769135,7.9491298995,11.435952598,9.461566268,11.20632065,10.902535648499999,8.932120556,6.202793575,8.865910554,7.795390608,8.697004803,7.249524962,6.639037274,5.543319995,8.891083718,9.658931768,7.93187875,7.2501487325,7.250254644,6.794195936,7.002914073,8.694485218,9.902696083,12.222980034999999,10.19398066,7.1413009034999995,7.436853205,5.870491559,8.516326382,6.573115745,8.921724855,11.1837955,8.162350094,7.396299143,9.224615975666667,9.290846655,6.896446836,7.742154742,9.38753602,9.510320498,11.14714356,9.403998147,8.323411865,9.0792697735,8.213016106,10.11373167,9.162140585,5.917734181,6.729630516666666,7.931537075,9.755578946,7.551570401,6.724759616,6.559439612,7.277100361,7.123525632,9.230108666,9.299041313,10.26165233,7.014924577,7.950873458,8.559747752,6.323653593,8.953062218,8.244237317,8.841465529,6.178201748499999,7.995079194,7.6212868005,9.73393657,9.914554977,9.810913184,8.927282465,5.625294909,6.1462089550000005,11.14551903,11.24312826,7.8767168,8.885011341,11.38576016,7.575164824250001,7.028672956,10.924646710000001,7.561566442,7.564397266,11.0550695065,7.597250582,5.984352132,7.27761127,8.88693313,10.49931622,7.933340392,5.687496348,9.156584773,7.938326718500001,10.59611644,7.095816634,9.329536392,8.555032971,8.90581976,8.079765593,9.409309399,7.934362618,7.525858588,5.865321652,7.810968932,9.889011284,6.791084851,7.496197766,8.702856306,7.789245299,6.206198472,6.342895166,8.113681016,6.901928758,8.554264468,9.657011781,7.53452559,7.707925671,6.344853121,10.0620539,9.888268121,7.184333306,7.765725469,6.904598164499999,6.1364106055,7.492679318,7.456594042,6.982545717,11.21342954,6.1564520725000005,10.13963671,9.930775205,Control
GSM1033155,6.265502375,6.821750584,7.685503928,8.53108035,7.413185492,6.39848179,7.6925254965,11.41142262,6.702575356,7.741863319,7.485008247,6.512181341,7.170178761,8.171525567,7.551274098,9.343629684,9.51165725,5.780687342,7.456843292,11.271801128,9.124537791,10.44613339,9.836844757,8.08171445,6.487941598,8.775576196,8.512479969,8.45177765,6.943269926,6.759974704,6.418667701,8.684152999,9.653631495,7.850697151,7.07694559,8.738859238,6.743502304,6.877950415,7.687001444,10.71999783,11.259780618,10.75276918,7.218998479,9.175191469,5.862820612,7.919088979,6.400779296,8.691759645,10.43171841,7.894774994,7.11923082,10.200575541000001,8.793481323,6.927010582,7.416590564,9.711624242,9.365626994,10.08345968,9.108024599,8.874912357,8.4356974,7.747716126,9.897796199,9.195486799,6.436771695,7.664510172999999,8.059991624,10.035983788500001,7.295345373,6.699468084,6.62208814,9.012335499,6.928794426,9.126199476,8.4215105605,9.914554977,6.231586909,7.073233901,9.043971751,6.939259235,8.261702023,7.479580975,8.948273158,6.936540685000001,7.499272879,7.141491524499999,9.827321657,9.379011424,9.942493654,8.594828143,6.092722731,5.8789875165,11.0293489,11.15212505,7.79333466,8.592879219,11.90403777,9.646969739500001,6.416284397,10.3191211,7.525582594,7.461802807,10.7908731025,7.581021838,5.706882007,6.323013665,9.0742279,9.748631542,8.2008633195,6.058037559,10.7239429,9.106580292499999,11.53159241,7.02404942,9.5530488395,7.677140105,8.663750408,8.871083579,9.496100469,8.104127699,6.88645758,6.58749831,7.982850246,10.14517372,6.557273872,6.891386932,9.509670867,8.9470009185,7.543240982,5.662721573,8.312293926,7.21269433,8.479547536,8.709026646,7.282904475,6.8050164625,6.656225035,9.270158052,9.810913184,8.2300399535,7.872746197,8.0970772005,6.615046403,7.987029878,8.787782641,6.017686747,10.85358602,6.9944399645,10.53547869,9.082344227,Control
GSM1033156,6.498566271,6.914954462,7.497711649,8.22459669,8.243833013,6.286054182,8.1117142185,11.17105415,6.060663647,7.858040955,7.558685761,5.956276739,7.496931924,8.218607776,7.613661421,9.549802531,9.752953497,6.504677083500001,7.4832494415,11.3214498255,9.474218294,10.78391392,10.3971156175,8.21587526,6.30752093,8.274160381,7.454554237,8.410944664,7.081712349,6.655199287,5.948772803,8.882664657,9.582213184,8.167784968,7.1105424500000005,7.344939386,6.379906654,7.012830094,8.945312232,10.17189655,11.737195,10.62004438,7.0686153525,7.5563517605,5.873018816,8.512479969,6.784295196,8.675372715,10.21754751,8.911967543,7.352214845,9.166218881999999,9.36494629,7.139463435,7.40143109,9.384528614,8.836349564,10.25180474,8.81834344,7.762103233,8.347050923000001,7.876378262,9.983527372,8.80258593,6.544902052,7.020046714666666,8.604188056,9.700961552999999,7.324887308,6.599710393,6.247382744,7.616240447,7.544651992,9.042206072,8.8238206415,10.54122994,6.451684772,7.234503285,9.603917579,7.003360638,8.174962421,7.647642776,9.455634557,5.9476290935,7.744437398,6.955504542,9.525567042,9.336998418,9.460902803,8.370125562,5.338527967,6.3908701595,10.90892633,11.32531129,7.980912697,9.760354411,12.11076372,9.53879591625,6.631605825,10.335766575000001,7.891301551,7.998015469,10.360584776500001,8.25506332,6.359762048,7.756752517,8.439507103,9.427791078,7.946113642,5.992813784,9.272243772,8.1009779165,10.55285762,7.241976655,9.146098295,8.259630849,8.732890581,8.00922476,10.00440407,8.515568369,7.874295055,5.872784288,7.986461138,11.23380798,7.286044729,7.183234464,8.652637902,7.3123248275,6.040425297,6.452425933,8.774196826,7.369329611,8.294347853,8.931688447,6.065994356,6.766582178,5.911066933,10.20637151,10.41208953,7.2019007575,8.05210671,6.696094048000001,7.267573452000001,7.885442798,6.828491703,6.291267718,10.72649472,5.7814525825,10.99431535,8.706415472,ASD
GSM1033157,6.520274266,6.938814503,7.263717085,8.51593357,8.045271321,6.40686894,7.6394257955,11.0920815,6.078680552,8.097865832,7.3012582,6.077791597,7.550145519,8.204131121,7.840044933,9.284418396,9.392475182,6.472398752,7.7320662495,10.862956227,9.389997526,11.10367233,10.5300367145,8.039677791,6.535472486,8.283527138,7.2811407,8.071838891,6.860709497,6.680591428,5.260724985,8.281481944,9.661116426,7.674751655,7.2651592345000005,7.033956813,6.582040095,6.318563364,8.682864836,9.627058362,11.6555849185,10.17003777,7.548048995,7.428348609,6.102926188,8.510536053,6.519507238,8.52314206,9.959079912,8.811200665,7.066686981,8.903033557999999,9.658328648,6.432313319,6.980352442,9.233620407,8.651466112,10.2890202,8.897525314,7.489486672,8.098555219000001,7.361646079,9.463362274,8.210350262,6.548228819,6.891630438,7.989192561,9.275248399,7.023311584,6.327719741,6.511617174,7.406299498,7.538133864,8.632374575,8.786382996,9.679582485,6.569688377,6.744598973,8.483023413,7.027508013,7.823797868,7.846449909,8.637384196,6.053015406,7.857412283,7.3629883055,9.163688951,9.85263253,9.307015447,8.92519571,5.163935909,6.891633262,11.22638311,11.59286109,8.183538203,8.920719787,11.14551903,8.15550521575,6.341843393,9.8706058225,7.225608829,8.618264135,10.8344795665,7.394408059,6.327892451,7.575883004,8.357428838,9.428338686,7.429223158499999,6.783868377,9.2534808845,8.3883285155,10.59730403,7.226337003,9.267946910500001,7.913784207,8.225305,7.215475887,9.649336764,8.072519649,7.480604215,5.836069186,7.257165234,10.12952961,6.862462801,6.449670235,8.608604875,7.0466753465,6.647365562,6.206013608,7.634057613,6.974309049,9.449919242,8.587817537,6.498738956,7.706047432,6.096124883,10.45163644,9.194825585,7.386601614,7.703709852,7.118981617999999,6.5897973365,7.799566711,7.856784011,7.326502916,10.27105128,5.7654044555,9.684523787,9.428935127,ASD
GSM1033158,6.436221872,7.112070191,7.721412753,8.2567854530000009,7.559544692,5.969856489,7.9461325574999995,11.55336843,6.394175999,8.423053431,6.784295196,6.561990913,7.327859598,8.512479969,7.587069903,9.237810364,10.0415165,6.3405801754999995,7.8064430705,11.007452851,9.17814345,11.14395792,10.826259409999999,8.313788281,6.498378595,8.55026301,7.789428358,8.315290692,7.020235677,7.110124747,5.635576541,8.885524149,9.555172624,7.601784231,6.9738385995000005,7.159665094,6.613204862,6.607776072,8.916775932,9.887407067,12.085459215,10.30188375,7.840823951,7.446348023500001,6.576858211,8.304198243,6.526340672,8.545310838,10.82542434,8.252990153,7.365192697,8.464859308000001,9.221294826,6.481707963,7.740942838,9.192593476,9.355312215,10.71402858,9.075540094,7.602365134,8.6964835975,7.834295867,9.845774983,8.963467352,5.913551171,6.744284449999999,7.366739225,9.1641770565,7.45907062,6.50156822,6.780587084,7.298430271,6.770758739,8.965354173,9.1665528255,9.790577069,6.225454875,7.128005134,8.615880555,6.641696653,8.502435572,8.256094635,8.473972904,6.0020142475,7.935609587,7.0086930935,9.87207302,9.441736504,8.275688683,9.717409162,5.143974084,6.6913267065,11.13507527,12.07570812,7.740675915,8.375084324,10.95287627,9.01074823075,6.517420686,10.494051485,7.430732453,7.632672824,10.7806835865,6.943070061,5.681103869,6.480353484,9.459580019,10.232067260000001,7.4560347045,5.95650974,8.666848127,8.082262089,10.40996535,6.498918754,8.763816690999999,8.368555571,8.474371507,8.599640023,10.11373167,8.733733895,6.713326567,5.476220272,7.137146132,10.10449022,6.042926733,7.495936799,9.105868331,6.32711744,6.948039591,6.813292415,7.713702841,5.72073172,9.109364982,9.346560936,7.959079147,8.270175917,6.418129641,9.71240781,9.793564676,7.1670723775,7.182459668,7.406061919000001,6.623211008,7.170440498,6.998638125,6.425468271,11.07943448,5.526197418,9.336998418,9.048607857,Control
GSM1033159,6.630558017,7.148620394,6.636851945,8.093684074,7.115189972,6.39848179,7.5318051619999995,10.55285762,5.8437861,7.547977751,6.530398923,6.049077849,7.425427519,7.428171291,7.60668965,9.870385381,8.472063913,5.624099985,7.87394002075,10.451486571,9.10809864,11.09702611,10.9998608955,7.190968518,6.405456157,7.658589383,8.165452289,8.004166581,7.416853027,6.712015027,5.816972086,7.913491031,10.48077649,7.536452631,6.8251774444999995,7.048542637,7.260057928,6.315355975,9.629809107,9.619406123,12.40028034,10.16054752,6.986697674,7.783313333,5.771163597,8.881306976,7.359570502,7.785973664,9.332145824,8.935028176,6.756709671,8.463288661666667,9.863698032,5.977524533,6.510097285,9.189200468,8.594828143,9.322414839,8.3492636105,7.870927861,7.912237719,6.965004036,8.988107516,7.898487342,6.227461476,6.8708738443333335,8.47096287,10.045315737500001,7.184827072,6.291267718,7.172068859,7.320812025,7.813722154,8.700770745,8.201759083999999,9.385171202,6.675687519,6.723337886,8.130817668,6.214097715,7.476566507,7.02479838,8.105416902,5.856322497000001,7.408671688,7.421471296,8.941440106,9.657650948,8.691330098,7.890381493,5.573585796,5.958244880500001,11.0920815,10.76329368,7.803553908,9.5386311,10.28419396,9.401076946,5.850416558,9.43163306,6.923229889,8.390305788,11.107407725000002,6.636258699,6.096284024,7.608925875,8.60980205,9.073147454,7.4886913735,6.40096797,9.589747475,8.3052918015,10.96005892,6.520602821,9.175322054999999,7.280380761,7.787136208,7.58846603,9.321278385,7.870021424,7.154745645,5.734991523,6.79131863,9.391203729,6.416456655,6.509908224,8.26029897,7.6464896929999995,6.455188455,6.191479359,7.13164136,6.861832587,8.94045138,7.854678521,8.502022642,8.0959355265,6.602324278,11.04652875,10.02159957,6.972442549,7.250979925,7.107216936,6.411172263,7.935609587,8.406414508,6.932549751,9.913014922,6.2166001345,9.119393992,9.105868331,ASD
GSM1033160,6.288860137,6.968844065,7.573618582,8.394587285,8.085896722,6.463936666,8.1089352745,11.1152424,6.089128477,7.871207448,7.146711537,6.06491606,7.310840003,8.379272542,7.593536111,9.091459654,9.983527372,6.149749075,7.55784272225,11.425802288,9.352948559,10.75519567,10.467846422000001,8.523575198,6.713110808,8.352295098,7.174131479,8.728408033,6.988686174,6.153232702,5.71563696,8.828584481,9.658931768,8.312644942,7.2123447165000005,7.741288205,6.330531945,7.164556346,8.908194684,10.35932255,11.821174465999999,10.53775299,6.6740511885,8.080250779,5.77507388,8.386120994,7.330677273,8.770658088,10.6665518,8.810340281,7.479580975,9.118519749666667,10.34170423,7.039515993,7.482775096,9.40307893,9.081808928,10.77021223,9.0498004305,8.042324698,8.534755199,8.242141447,10.0704249,8.851993483,6.081311004,6.4142293100000005,8.367432065,9.7283108735,7.573093845,6.666711754,6.227287789,8.039017611,7.117960478,9.297503157,8.9908007515,10.91298928,7.536986421,7.396299143,9.104300895,7.012580236,8.484966642,7.927985582,9.0742279,5.9899771115,7.772559465,7.1601278409999995,9.613702269,9.556503876,11.05103257,8.579779749,5.297268839,6.431699779000001,11.18887039,11.54659218,8.526638245,9.327888408,11.76065484,7.93816400175,6.81885323,10.465855105,7.648772678,8.442472564,10.5411718735,8.266496178,5.468473916,8.154119921,8.546810749,9.840665334,7.783646425500001,6.68740763,9.130435871500001,8.495519680000001,10.64535163,7.604990859,9.949401954,8.368165954,8.807524418,7.758563588,10.06032858,8.194983256,7.527465961,6.205847923,8.167116859,11.063684780000001,7.521922501,6.980119472,8.613375473,7.636009017499999,6.620069807,6.723241259,8.354895325,7.815567011,9.012878573,9.234852575,6.506011974,8.1750966195,6.019512665,10.69451688,10.04077759,7.3238823675,8.041671316,6.757500566,5.889720119,8.785863305,7.526696102,6.193112652,10.70101042,5.6356842385,10.62983174,9.150166087,Control
GSM1033161,6.236024896,6.900582168,7.528237461,8.167116859,8.097865832,6.701762369,7.749951945499999,11.31973437,6.56296129,8.117443529,7.166064648,5.597525015,7.381870639,8.594040159,8.035124729,9.220645465,10.19982629,6.4417365019999995,8.03561238475,11.211894471499999,9.420071893,11.33624653,10.8728578665,8.791331128,6.413162474,8.452145153,7.563249351,8.519860729,7.236473718,6.869774513,5.80933407,8.92519571,9.778532335,8.044667921,7.292272024000001,7.651383023,6.677226544,6.976996534,9.183029489,10.34170423,12.231671195,10.32975105,7.047071154999999,7.7941354895,5.97220016,8.513996834,6.579973876,8.979639304,10.96315594,8.700343086,7.519152974,8.719067992333333,9.624200242,7.19123324,7.649308695,9.190890868,9.47084707,11.14873235,9.489737632,8.002011038,8.99309672,7.766649469,9.935802696,8.773767337,5.983200834,7.091764377666666,8.154119921,9.7191507105,7.600102497,6.726723223,6.380943475,7.819994061,7.477101869,8.928199178,9.395068099,10.41454906,6.780361826,7.844086735,9.085522052,7.279600271,8.981199633,8.022866184,9.025563587,6.0979727735000004,7.665609546,7.2424577815,9.378415305,10.1767198,9.472925035,9.508367671,5.484492251,6.6330150215,11.23049294,10.87540161,7.784271757,9.287232096,11.7240047,9.0648979505,7.038796269,10.79538217,7.7133927,7.687001444,11.097512605,7.923896091,5.991180555,7.17096363,9.314681607,10.19398066,7.9465840215,6.388776085,9.1215797425,7.8885530315,10.7783375,7.098772258,9.670813272,8.583892397,8.937955452,8.104484389,10.03363155,7.444585794,7.211469231,5.76584962,8.228222717,9.307015447,6.661978106,7.494014381,8.134227152,7.7213123669999995,6.142872649,6.317871169,8.348053135,6.803085285,8.267658394,9.301677485,7.406299498,7.134255556499999,6.598675994,9.488916643,9.988622293,7.089380725,7.767207228,6.705172791,5.6226493805,7.495936799,6.877950415,6.501000743,11.15049642,5.887243204,10.49693806,9.771682917,Control
GSM1033162,6.574727917,7.124027019,7.80624501,8.01050045,7.633501496,6.42601707,7.990290138000001,11.41338912,6.27741813,8.273025411,7.204792572,6.251199857,7.743455043,8.494348108,8.010160641,9.311014091,10.0326998,6.1337824505,7.95613467,11.5208833465,9.344202174,10.88098095,10.8132640155,8.528698594,6.632200759,8.394587285,7.644520503,8.525457635,7.011378955,6.853983466,5.515916023,8.930211196,9.851046293,7.661004917,7.1489746635,6.3177044,6.595666116,7.167187506,9.863056215,9.783747965,12.18974135,10.18710067,7.7547284165,5.85653013,5.603793308,8.782468031,6.599501804,8.797106228,11.0339678,8.773767337,7.843165316,8.733185243666666,10.0722432,7.333821685,7.918489718,9.137891678,9.341335356,11.19787982,9.5116618005,7.870619618,8.851090517500001,8.032529737,10.15484162,9.263496132,6.036349172,6.660772008333333,8.016975021,9.504743418,7.676833,6.490692938,6.63729542,5.882705215,7.106742398,8.97767655,9.3313757715,10.49931622,7.009730399,7.417912818,9.172156357,7.562998816,9.003573454,8.268414093,9.686793189,5.686327289499999,7.859238659,7.137462428,10.19697743,10.13141146,8.997597686,9.533723608,4.873665212,6.404584214,10.90892633,11.01522205,7.420058853,9.478791903,11.86491847,8.2189913835,6.824388109,10.782727775,7.340233254,8.107066073,10.8710176945,7.777484882,5.770042815,7.484174927,8.893059668,10.25471188,7.933653374,6.316850492,8.5713657275,7.429233272499999,10.28607819,7.094838207,9.3267100455,8.869209316,8.926831566,8.04067847,9.51894649,8.181095538,7.595534262,5.184389541,8.398842786,9.0953257,6.49412542,7.069071775,7.799566711,6.5893185705,6.287467146,5.477569237,8.838654462,6.181783409,7.435817217,9.670990555,7.553379765,8.363098433000001,6.185409207,10.46738412,9.135775245,6.9325569950000006,7.642302059,6.7815992505,6.458878909499999,7.046141018,6.335446302,6.677626767,11.4412376,5.5968958325,11.04955731,9.070416257,ASD
GSM1033163,6.454619004,7.288074212,7.353764629,8.330101511,7.712213176,6.460375003,7.631945797,11.42165162,6.264831301,7.949917084,7.056625174,5.913353398,7.409228342,8.319598034,7.763346558,9.076278391,9.749404455,5.969674673,7.699195387750001,11.104875434499998,9.198891917,11.14873235,10.918925138999999,8.419302043,6.458422727,8.685019476,7.814344058,8.53471813,6.945530901,6.515290178,5.677291695,8.60656925,9.368036924,7.310631379,6.984369199,6.545899799,6.48050554,6.687205622,9.131974881,10.19785709,12.26083758,10.28419396,7.032731161999999,6.6495762759999995,5.392168376,8.400740175,6.632807507,8.69865028,10.53305584,8.766744428,7.335092163,8.876187350666665,10.20730657,7.100419268,7.46813236,9.205495992,8.976610594,10.86400594,9.104251881,7.111085961,8.774411589,7.579583918,9.698794344,8.724243942,6.199632626,6.790058261333333,7.978547099,9.2371996715,7.708706062,6.289906357,6.365224641,6.352991764,7.308316695,8.914744165,9.0662081145,9.999486725,7.036311769,7.381086193,8.973089864,6.903620685,8.371976418,8.051468456,8.794343957,5.6624810795,7.668503393,6.8583872305,9.405723293,9.839939488,9.237810364,8.653114018,5.257092726,6.2878517285,11.00321691,11.39130847,7.61483604,9.38753602,11.79063661,9.14423560625,6.830844039,10.42463637,7.299215889,8.109572573,10.8364939635,7.725673839,5.406335354,6.92833195,8.479547536,9.905030795,7.83729162,5.883569772,9.042866279,7.724146298999999,10.67681121,7.000025226,9.252990677500001,8.29849253,8.517539838,7.800135435,9.927361308,7.77992472,6.892986539,5.499725754,8.002011038,9.005073679,6.26382548,7.037588372,8.638897904,7.094089494,6.732852539,6.634200624,8.21221624,6.58019721,8.337738565,8.993521292,6.643809565,7.6234252845,6.393067664,9.57173379,9.913014922,7.0260065549999995,7.547174265,7.0639448125,6.195544189,8.020852056,7.278665442,6.718081496,10.8946043,5.7845114615,10.56546728,8.693679953,ASD
GSM1033164,6.499649105,6.938352149,7.365696799,8.182145689,7.857708366,6.485287545,7.714570624,11.30796369,6.031203872,8.083489783,7.046611394,6.284856357,7.641126918,8.498485843,7.833114886,9.593120184,9.703752098,6.231285865,7.6567923065,11.3502358705,9.428338686,11.13700034,10.604629999,8.358522013,6.514482464,8.270829419,7.199687574,8.563739082,6.733772225,6.615465325,5.403349328,9.056494814,9.411360099,8.091105499,7.02238261,7.305046222,6.593405575,6.779064278,8.80306234,9.829677101,11.975803175,10.32865706,6.777405553,7.7277214495,6.215586077,8.570592753,6.348420718,8.942639956,10.69976274,8.727532013,7.403052768,9.004774424333334,9.769267786,6.785802837,7.391618633,9.369359313,9.084463481,10.65920275,8.96430371,7.94721124,8.492800297999999,7.829099684,10.11926183,8.841465529,6.245593438,6.516655292666667,8.228923623,9.7386944575,7.43346117,6.56004753,6.315503775,7.72731786,7.516922741,8.983132735,8.9082808425,10.90026749,6.631998082,7.420859355,9.086665083,7.634342521,8.429428421,8.020493619,9.048068605,5.922351212500001,7.45158783,6.907452939500001,9.698066449,9.679582485,9.732506477,8.816527783,5.428880896,6.3698046385,11.14029628,11.28889019,7.696180368,9.005073679,11.51264733,7.71114528675,7.011126054,10.56495245,7.821775906,8.207832278,10.6359729525,7.710748848,5.708228918,7.66820176,8.761510347,9.563038855,7.756700696,6.532788777,9.0537801965,7.9901781725,10.52584088,7.389176104,9.8086484775,8.523575198,8.645146888,7.671523437,9.421407056,8.614637207,7.953006689,5.875760812,7.923896091,10.0722432,7.316006676,7.263483235,7.998015469,7.719627812000001,6.067575074,6.601704435,7.973981049,7.312882126,8.057027972,9.105868331,6.933273943,7.760599279000001,6.307902359,10.47410962,9.822650737,7.2757000650000005,7.990383262,6.9938188375,5.6490596454999995,7.673839662,6.943923006,6.41423894,10.8961876,5.625073220499999,10.24402119,9.49931627,ASD
GSM1033165,6.166854053,7.366206788,7.798716686,8.748417948,8.125857325,6.457045876,8.101582175,11.28889019,6.88973892,7.684045091,7.819073114,6.316668478,7.39211363,7.807480512,7.556678251,8.643851553,10.12573871,6.273080398499999,7.446853664500001,11.308725976,8.577314272,10.74361949,10.1823706025,8.596451932,6.557684008,8.958023684,7.352962441,8.628020065,6.773816697,6.616566542,5.813728637,8.712960224,9.219475125,7.984037936,6.686060884,7.6420236,6.431573831,7.214723212,7.657472686,10.50880414,11.5242131525,10.05402506,7.8053997525,7.9261487545,6.246059216,7.525582594,6.346069771,8.618264135,10.67820415,8.553081739,7.01810917,9.742401076,9.474218294,7.277331117,7.761834775,9.114920059,8.798545064,10.82934823,9.024076745,7.572484128,8.655640799,7.688721581,10.00800106,8.895768205,5.760539741,6.990319339666667,7.937236598,9.7923678475,7.276110585,6.707098033,5.714864417,7.702515754,6.797976556,9.015973572,8.952765633,10.06122198,6.169837208,7.229196109,8.93747805,6.73309302,8.204131121,7.955542054,9.203762299,6.635303702,7.237266309,6.9325253154999995,9.702998675,9.537886059,9.769267786,8.45177765,5.053426578,6.475391159,9.998721374,11.1590968,7.854678521,8.822470603,12.20975121,8.36232652625,6.658476793,10.73965472,7.460995705,8.297311581,10.452904656000001,8.018630298,5.841366218,6.702976231,8.504330018,9.907237223,7.8017666395,6.75490055,9.271033773,8.0635275655,10.44833455,7.142709415,9.9295995615,8.182484689,8.426721034,8.144519387,9.695172774,8.563739082,7.485249823,5.933533557,8.25506332,10.48886699,6.839786612,6.827214635,8.969242836,7.554434275,6.809711598,7.027296255,8.613010123,7.128502311,8.457604834,8.458738471,5.850416558,7.1564704035,5.940145239,10.42410831,9.448045717,7.6671488805,7.670481854,6.9554313610000005,6.401135338,7.897865062,7.113803919,7.480085395,10.77289553,5.7807787065,11.04652875,8.553471933,Control
GSM1033166,6.691811235,7.172341484,7.815887728,8.281481944,7.696180368,6.56759161,8.1161606065,11.39318268,6.254745824,7.911846216,7.015632705,6.345881078,7.310631379,8.275688683,7.389746035,9.57173379,10.2607595,6.3912228765000005,7.82403484425,11.389600255,9.257268514,11.33102293,11.180666111,8.749682857,6.372175947,8.78682098,7.446852629,8.615484208,6.996458086,6.719132429,5.669859457,8.884080433,9.678069795,8.241442956,6.943046583,6.570910848,6.63523377,7.059036508,9.183512696,10.45610307,12.358220015,10.37568928,6.9915724675,6.8174624525,6.472959077,8.633635061,7.296387827,8.644309396,11.13345696,8.334900856,7.435048103,8.953474584666667,9.836726895,6.544558904,7.731526112,9.399401849,9.200460675,11.01522205,9.1449436915,7.818239966,8.5284110735,7.964520434,10.21365736,8.981199633,6.031203872,7.143368745,7.987029878,9.93163196,7.452159433,6.647365562,6.806614229,6.658476793,7.322572595,9.082827162,9.299627498,10.63913714,7.106742398,7.721110755,8.629189622,7.695324079,8.758823451,8.484966642,8.556521315,5.90296877,7.918198109,6.640353169,9.63310167,9.645789815,9.341335356,8.990595303,5.273104404,6.338220511499999,11.14029628,11.63766816,7.357456465,9.402370213,10.81470001,9.25491646375,7.181012836,10.878402385,7.381343104,8.057725711,11.285567375,7.081460192,6.200087811,7.370437545,8.549936553,10.29761994,7.928998763499999,6.131312851,8.9391209385,7.8667756015,10.6380553,7.213168217,9.613631258,8.64551937,8.765912432,7.745685512,10.00098719,8.670877011,7.216466826,5.320182438,7.109860879,9.624899585,6.875833902,7.372025243,8.575330586,7.673553736500001,5.858295003,6.571717797,7.50565538,6.810141356,8.606977924,9.363681833,6.098164555,7.589368899,6.393067664,9.861408919,10.78267325,7.4196733575,7.746558402,7.021162369,5.7659715195,7.550719185,7.223282401,6.360843235,11.37037424,5.721018805,9.546333222,9.442396954,Control
GSM1033167,6.613411315,7.292795672,7.213168217,8.388351434,7.825059281,6.63942512,7.842040194000001,11.20632065,5.890481622,7.785973664,7.039024441,6.014681133,7.599296852,7.803253542,8.122792189,9.431502297,9.65064455,6.1182858815,7.71978578625,10.9626534825,9.314035043,11.28889019,10.829026107,8.109572573,6.448778952,8.441469709,7.100916075,8.23454392,6.997890253,6.533325085,5.793255622,8.402961389,9.669651286,7.725970469,6.8536491745,6.878402189,6.390571406,6.794657807,9.084463481,10.15575087,12.07869365,10.2156267,6.7823769160000005,7.2638955825,5.778076253,8.335259953,6.800617744,8.274540034,10.30520635,8.678352635,7.1052807,8.627359571666666,10.23804271,6.589719081,7.220264991,9.164802716,8.635671419,10.40550167,8.939703106,7.45345397,8.3425492555,7.503975692,9.492320865,8.387298308,5.881178607,6.704371250666667,7.910883268,9.495419286,6.991646938,6.224284096,6.307358997,6.94827931,7.069071775,8.837737358,8.8262062495,9.885708487,7.337234829,7.172341484,8.381620567,6.848313215,8.288149871,7.756752517,8.705464374,5.929648572,7.829099684,7.049467219,9.223560538,10.23621953,9.049117082,8.357785671,5.054666726,6.5743730865,11.08407583,11.18546666,7.289934962,9.340181817,11.25222662,9.45732650125,6.540150629,10.22131231,7.019139626,8.355637147,10.793148053,7.373031289,6.650720945,7.60867641,8.222897429,9.87207302,7.482107143,6.419750915,8.775832629,8.666681350000001,10.20268735,6.749884741,9.310037366500001,7.990383262,8.414721916,7.290701875,9.856461695,8.139828352,7.056108903,5.593224528,7.215955291,9.091459654,6.498918754,7.017311899,8.68159007,6.8402454955,6.272513599,6.142419213,7.865060681,6.847021149,8.183201872,8.827634998,6.124284892,7.762331167499999,6.38858409,10.39850891,8.996501063,7.094110786,7.671263495,6.913144344,6.585546498499999,7.470126192,6.729336301,7.27790131,10.51681803,5.5267851735,10.09739721,9.608770614,ASD
GSM1033168,6.488532044,6.736122084,7.782067011,8.84013166,7.760007248,6.50795189,7.9521194395000006,11.21917781,6.179845807,8.00448247,6.91617875,5.734191042,7.483931769,8.320769468,7.537523468,9.330294401,9.839939488,6.253612518000001,7.4358649155,11.485784745,9.502024297,10.61085788,10.5656499865,8.514770442,6.904830928,8.449915589,7.762699127,8.682060778,6.773628992,6.843801311,5.587852106,8.731060781,9.251496039,8.627574458,7.5438821605,7.994707795,6.375584624,6.988439717,8.346326268,9.893824338,11.9044818735,10.96469642,6.7164170825,8.466832006,6.239940101,8.761015893,6.855604568,8.788304151,10.5270919,8.725020674,7.600947607,9.630480203333333,9.535798642,6.566194963,7.450181169,9.415903962,9.276509053,10.99291968,9.1434608415,8.367809788,8.5228358745,7.894142055,10.01914498,8.965354173,6.937450207,7.095351851,7.933763893,9.9387084515,7.370437545,6.68994018,6.192447168,8.291455631,7.35795189,9.175479971,8.9608163555,10.9971563,6.697255204,6.890439936,9.18470734,6.291457732,8.124813124,7.911208004,8.647124866,6.781705795,8.170504559,7.882151852,9.654279734,9.433486743,10.52584088,8.970273294,5.945158011,6.3555772385000004,11.29821975,10.70757258,8.979639304,9.380734991,11.16578499,8.057213873750001,6.686347189,10.38072013,7.865696523,8.488464092,10.297535996,8.197145479,5.94339779,7.533686576,8.823376306,9.651327013,8.09713342,6.928794426,9.9453967075,8.762640537,11.0621854,7.80624501,10.223769645,8.177662181,8.564166149,7.981237056,10.04316277,7.531254422,7.169928983,6.297079296,7.347525835,10.53547869,7.80077673,7.256418743,9.165410361,8.614568628499999,7.292268818,5.879857839,7.725970469,8.238550677,9.869550249,8.611402065,7.684329732,7.399566192,6.436600957,9.936594815,10.0817293,8.026908023,8.465325447,7.2201699295,7.068120345500001,9.051229067,8.6004731,6.91685094,10.64783883,6.1711930385,9.649336764,8.673705791,Control
GSM1033169,6.511985995,6.902669387,7.269170774,8.310838582,7.881483725,6.451109106,7.9749200565,10.99109759,6.196458528,8.030986316,7.139244345,6.037832746,7.6941279400000004,8.389540495,7.536188745,9.603917579,9.585676773,6.320404345,7.5999848535000005,11.1713108945,9.343074157,10.9365122,10.762017811500002,8.238173582,6.38378255,8.308146636,7.161031885,8.454404727,6.854254318,6.794008174,5.731749891,8.7785186,9.534397611,8.28894447,7.2874158835,7.551864527,6.348420718,6.567987885,9.07368018,10.0486512,11.9213183425,10.6665518,6.8079481625,8.016207534,5.934017662,8.575330586,7.257996943,8.793481323,10.25471188,9.137320494,7.469016173,9.205405962333334,9.925939471,6.54377786,7.320812025,9.559054344,8.854471725,10.8887775,8.8639743465,7.477101869,8.760357778,7.665609546,9.836033786,8.732890581,6.101054568,7.000959528,8.141159957,9.907296403,7.357723293,6.467840725,6.304814816,7.687818255,7.800135435,8.89056673,9.030386719,10.74088436,7.005716666,7.225867529,8.851993483,7.523085028,8.290416636,7.797209575,8.561252973,6.2628942335,8.243506803,7.351843327,9.183512696,9.34889606,9.625578511,8.781121917,5.505455171,6.616907577999999,11.28889019,11.10367233,8.282181071,9.549802531,11.36836482,9.47464125325,6.833427941,10.217849685000001,7.97922288,8.672521645,10.339538124499999,7.558385587,6.382919292,7.497194788,8.59769001,9.327239891,7.68880927,7.149574444,9.3028871795,8.031904075,10.54354674,7.736186203,9.7765612385,8.161999813,8.595170695,7.561282346,9.658328648,8.209266388,7.516922741,6.080287905,7.612291488,9.557125985,7.51523929,7.198438557,8.602519497,7.690081059,6.098886326,6.937906442,7.916279834,7.72077804,8.421574361,8.790493811,6.931365681,8.063185415,5.911832514,10.42099739,9.843716059,7.8122960465,8.424438323,6.4810235885,6.9225114295,8.084885317,7.435048103,7.140692309,10.53183254,5.7779214119999995,10.05848943,8.690114339,ASD
GSM1033170,6.312338267,6.874293183,7.772903464,8.31995435,7.462092621,6.324719965,7.7472890935,11.52957835,7.10504241,8.061657,6.988686174,5.845768264,7.27790131,8.629632378,7.680044288,9.271315568,10.16428624,6.236753391000001,7.60323892725,11.287385092000001,9.332145824,11.1744898,11.0251315,8.888484324,6.322155208,8.69865028,7.932512913,8.136514285,7.114944005,6.920663177,5.128913545,9.197207403,9.492320865,7.784271757,7.4175775505,6.571925844,6.486616108,6.731776922,9.109364982,9.984461451,12.351843724999998,10.22725436,7.0512203835000005,6.628888143,5.975180382,8.296185572,6.632200759,8.936016127,11.02336521,8.36035094,7.680582685,8.752387090666666,9.760354411,6.800617744,7.875550001,9.363681833,9.622774154,11.1303409,9.5914554155,8.204786024,9.0657832905,7.890686242,9.755199617,9.432126755,6.225628073,6.855466687,7.289681976,9.244708982999999,8.061322357,6.783428539,6.323086794,6.325595423,6.705392176,9.072601084,9.438223955,9.937519523,7.054218502,7.515504529,8.635271519,7.055648025,9.012335499,8.408259126,8.973089864,6.088965148,8.253708937,6.6493791915,10.46065366,9.685305939,8.97359352,10.35520794,5.306430485,6.43817798,10.96469642,11.00321691,7.397110379,8.60618315,11.43073743,7.347800486000001,6.996458086,10.7978653,7.332498314,7.241976655,10.9807431695,7.471275652,5.423124452,7.082448583,9.864534037,10.55522223,7.678469238,5.615913464,9.250070563000001,7.878926077499999,10.63346925,6.618638873,9.189609412,8.690905936,8.619863066,9.123011675,10.15085987,7.615402408,6.38805211,5.459120016,7.432399287,9.042802764,6.231090393,7.558685761,8.095631108,6.8986764855,6.513911092,6.46878312,8.082778165,6.347849661,8.062960457,9.566293625,9.475481042,7.830715845,6.828278147,9.444219515,9.388074506,6.8663040849999994,7.143471198,7.1036877425,6.702821991,6.884552392,7.055442271,6.400247393,11.41142262,5.824966801,10.11106218,9.214392913,Control
GSM1033171,6.571092792,7.352214845,7.70511386,8.401503823,7.580145222,6.364049178,8.2033882265,11.52957835,6.569867379,8.365943132,7.257996943,6.156929578,7.620391194,8.600899225,7.772903464,9.782316929,10.43055998,6.286858222999999,7.68998613375,11.4416590155,9.453806854,11.04357869,11.004961276500001,8.953062218,6.828733292,8.348845738,7.094584816,8.598546791,7.230352984,6.869556962,5.521211236,8.935512172,9.725066817,8.101127641,7.1717275315,6.449482511,6.559258155,7.002451176,9.048607857,9.631690208,12.207300045,10.67556715,6.890951412,6.697157888,6.498190769,8.652637902,6.82481539,8.864057409,11.32166757,9.186473033,7.8767168,8.942813812333334,9.551809046,6.859599243,7.860820152,9.188046055,9.531836409,11.18546666,9.353744749499999,7.547456483,8.7267786755,8.110566191,10.35295118,9.072063763,5.897030736,6.410825411666667,7.967531683,9.8742919815,8.060621657,6.742134755,6.428056105,6.582643048,7.424955831,9.038015267,9.3508260855,10.78267325,6.939259235,7.799289438,8.563739082,6.760404695,8.8654403,8.351080881,8.812583677,5.997413838,8.207832278,7.2778264125000005,9.863698032,9.700828287,10.0620539,9.232501783,5.012760687,6.461914805,11.29077073,11.50680834,7.703150892,8.800762194,11.3953157,9.2598380045,7.253994791,11.09143152,7.8778836,8.52314206,10.6954340155,7.999688318,6.329458874,7.291748387,8.713356196,10.39202444,7.929780919500001,7.035852411,8.841118112,7.857601261999999,10.09352985,7.477673988,9.441317278,8.862660246,9.289595182,7.551570401,10.27388201,7.826869192,7.558974264,5.411210997,7.489486672,10.68335756,6.759737733,7.659867527,8.54608615,6.9854947065,6.082593891,6.218393831,8.095280643,7.158775438,8.131524772,9.694523323,6.671432868,7.7983736189999995,6.059477484,10.00098719,10.0704249,7.200081921,8.162652459,6.847761041,6.463083533,7.130205095,6.768010798,6.766520799,11.55542192,5.651151466,10.17189655,8.857207658,ASD
GSM1033172,6.175220799,7.022611725,7.534822938,8.640448839,7.86207792,6.27672257,7.8831208964999995,11.51084611,6.30752093,7.967834361,6.957528558,6.077377819,7.223014096,8.157992821,7.477673988,9.416488606,9.851046293,6.264496257999999,7.29824720225,11.1704080795,9.652850334,10.65444621,10.756061762,8.418524074,6.736742942,8.579779749,7.8516237,8.506923998,6.506595194,6.826792588,6.548228819,8.60656925,9.495380541,8.15379794,7.2972370115,7.346724817,6.534310141,6.740047358,8.964377349,9.605907707,11.917111645,10.89750006,7.319076293,8.078448636000001,6.088986176,8.556939654,6.561819255,8.606977924,10.46620035,8.744054702,7.217823154,9.456434700333332,9.479394607,6.431191257,7.285249581,9.550404406,9.138511513,10.60477871,9.092223699,8.007320835,8.481280762499999,7.706961315,9.837555741,9.008068893,7.052752807,7.832030301333333,8.008930369,9.8538330965,7.172579466,6.681235606,6.758884456,7.686094906,7.472003212,9.077354177,8.9725853585,10.72131114,6.061988057,7.472293987,8.65728374,7.009730399,8.155910122,7.754320771,8.559747752,6.191916796999999,8.180444619,7.551324038000001,9.51894649,9.194238412,9.813869127,8.744943736,5.329710883,6.647186966,11.43742093,11.13190334,8.018973607,9.010851578,11.25413323,10.3194425485,6.81146119,10.45010229,7.887279883,8.039017611,10.3099159265,7.522829739,6.489275365,8.137820288,8.599266315,9.720876616,7.8434615139999995,6.557684008,9.7564752925,8.511817235999999,10.99431535,7.331446667,9.596603703,8.265748054,8.494725995,7.706332334,9.897013274,8.417387376,8.023446354,6.053791108,7.145492652,9.728016152,7.565755061,7.088372305,9.010309557,8.0513203975,7.051131038,6.129225481,7.622267824,7.748395763,9.369359313,9.059248156,6.5158462,6.9277551165,6.59805404,10.25876084,9.285664331,7.5479968935,8.055066942,6.9290636945,7.0737084669999994,7.661525766,8.109572573,7.216198209,10.70101042,6.3639044259999995,9.54915223,8.38085102,Control
GSM1033173,6.640697727,7.095333809,7.817962799,8.36190255,7.247327048,6.400406138,7.8893314375,11.37412106,6.550381803,7.915963986,7.004726253,6.296208689,7.41818819,8.419658958,7.376901128,9.745118646,9.430175315,6.0545506105,7.45137418725,11.512641369499999,9.300562683,10.94804549,10.6761678795,8.15043336,6.962577675,8.124112698,7.357723293,8.429428421,6.798837579,7.002684492,5.498543611,8.995551863,9.343629684,8.250519216,7.245102457,7.362968213,6.841982782,7.017813802,9.287232096,10.82666563,12.172124655000001,10.72505446,7.1557466415,7.6051405464999995,5.908732221,8.43300406,6.767380038,8.70769086,10.43836978,8.66085193,7.547740747,9.106344051333334,9.79681378,6.855604568,7.347238857,9.338847063,9.133556475,10.76329368,8.923102721500001,7.24808493,8.523755501,8.017303584,10.15001566,9.104300895,6.323653593,6.895279818,8.17016899,9.7411790005,7.449572068,6.761251153,6.58330698,7.489735928,6.982303669,8.946221055,8.7283474845,10.47751846,6.573714024,6.867196526,9.146796914,7.149828627,8.311230784,7.605548697,8.928671061,6.175778693,7.931537075,6.952699806,9.99542967,9.301161177,10.41208953,9.179801089,5.156523068,6.1537466940000005,11.10200721,11.57963104,8.180444619,9.143054634,11.41987102,9.52745399275,6.653421529,10.41081374,7.805143083,7.710748848,10.387226729,7.667057507,5.731822343,6.837371237,9.033254734,9.675181225,8.310741332,6.501891817,9.873888854,8.350331822,11.14204616,7.372787814,9.620528976500001,7.863334318,8.61942173,8.126815242,9.626343999,8.332040711,7.012830094,5.78006811,7.485008247,8.789578056,6.780361826,7.278397422,8.934470574,7.7639340885,7.263483235,6.012779413,8.15208191,7.2743365,8.849070073,9.092005606,7.241234937,6.801580079,6.58019721,9.373476267,10.27930995,7.680521276,7.79787434,7.093039216999999,5.888035876,7.562439451,8.194983256,6.527496724,11.00174511,6.455421424,9.92283178,8.471318602,ASD
GSM1033174,6.59245532,7.316006676,7.504578701,8.26132883,7.385240319,6.574727917,7.852280035,11.34706545,6.101464179,7.686094906,6.95301249,6.209614553,7.432399287,8.272635374,7.697345471,9.555895899,9.651327013,6.098691922,7.6718346825,11.441278950000001,9.231233309,10.88352214,10.4634105395,8.510536053,6.463187152,8.417387376,7.495105553,8.519534619,7.039515993,7.317268527,6.109996466,8.598103425,9.728777473,8.246766143,6.93727264,6.505470337,6.486779835,6.926556272,8.965354173,10.06291444,11.96876793,10.44729214,7.6117511874999995,6.75984454,5.939418261,8.548382484,6.742134755,8.556160436,10.73022872,8.783794376,7.33092988,8.914162436666667,9.695172774,6.741683229,7.560367489,9.40307893,8.87766815,10.70349809,9.218292143500001,7.595534262,8.4740664675,7.80624501,10.10739996,8.926831566,5.766268581,6.729158047,7.927660195,10.012097345499999,7.516124901,6.598675994,6.527682366,6.384879978,7.314181781,8.964377349,8.7806738875,10.50880414,6.868859458,7.363939714,8.667399331,6.965004036,8.383153191,7.854980708,8.70372247,5.899474419500001,8.078421873,6.290122798,9.739817599,9.738342841,9.57173379,8.776465542,5.238417603,5.8862648795000005,11.1837955,11.62571595,7.400094099,9.224733575,11.40957349,9.343930060249999,6.955890468,10.250117549999999,7.621693984,8.504722463,10.662026426499999,7.380116624,6.324877586,7.778980027,8.452591577,10.01826397,7.8633244945000005,6.835838344,8.5170262385,8.1830201375,10.17189655,7.181278385,9.31368351,8.238925555,8.568092795,7.625378542,9.742768708,8.080106178,7.758563588,5.411380649,7.698441679,8.785449254,6.953958189,7.6941279400000004,8.656429832,7.2642081805,6.166112675,5.813639796,8.005473609,7.133156546,8.75789384,9.26296348,6.403082219,8.462620673,6.225628073,10.58377744,9.0936554,6.9206937125,7.886358338,6.6719812560000005,6.8266420875,6.852158049,6.707939393,7.035619265,11.10200721,5.523719413,10.13751935,8.503551984,ASD
GSM1033175,6.531613873,7.007623286,7.517516257,8.257152232,7.79035512,6.445062254,7.900519758,11.24831662,6.21226991,7.928941583,7.145256741,6.008031707,7.071482453,8.377724024,7.567732351,9.64365903,9.837555741,6.3683962265,7.8261824255,11.263853612,9.535798642,10.97894149,10.8691063045,8.498485843,6.692625267,8.872053671,8.42114706,8.394982969,7.19625663,6.681680908,5.850416558,8.742721793,9.79681378,8.019561149,7.13421698,6.497636797,6.59929332,7.125831472,9.275876604,10.08265641,12.42997704,10.33314519,7.209917770000001,6.9514518254999995,6.017259877,8.67582962,6.797763594,8.417044324,10.69828719,8.544596829,7.415307695,8.710541130666666,9.825145832,6.801042357,7.604178148,9.257860132,9.083932092,10.68808648,9.058499295,7.632419037,8.577413998,7.728157445,9.752953497,8.912431586,6.446730109,6.860796728333333,8.154119921,9.4165220205,7.609777755,6.578786045,6.303236581,6.401678294,7.175350898,8.944200041,9.223678217,9.937519523,6.740047358,7.6414483,8.845850581,7.101157567,8.478364154,8.043372785,9.031263425,5.832586110499999,7.730115013,6.669435164499999,9.589773936,9.927361308,8.730629394,9.084463481,5.128610105,6.4971605530000005,11.13700034,10.83722772,7.659867527,8.784168601,11.32910026,9.275730703,7.144996913,10.641134335,7.522213326,7.993153043,10.9086678925,7.675067928,5.910847388,7.035619265,8.88168442,10.00022045,7.8567373510000005,5.639533796,8.674854567499999,8.1025755845,10.62004438,6.961603649,9.246135134500001,8.532900709,8.627177722,7.592118811,9.828062568,7.394959783,6.860070765,5.510487019,7.540859955,9.414690843,6.626838312,7.3087764,8.765147653,7.117843725999999,5.952006819,6.604350781,8.163376881,6.689083769,8.829522167,9.328539835,7.209930446,7.9508551894999995,6.628705029,9.841418695,10.89873708,6.8148620195,7.614264621,7.0228519085,6.6472438335,7.368052256,6.92514348,6.92113133,10.96152016,5.7101134075,10.12481545,9.6102294,Control
GSM1033176,6.713553327,7.163859324,7.336135149,8.084150551,6.958491657,6.471784424,7.7452971885,11.13872988,6.076253555,7.882387133,6.490337671,6.236176374,7.538354351,7.761525014,7.917839954,9.615333286,9.522321854,5.848503710999999,8.118859189,11.08726223,8.944200041,11.0324002,11.3483214215,7.742473674,6.434682601,8.31495169,7.900050726,8.228923623,7.411340644,6.81036737,5.631556582,8.747535568,10.09087733,7.998015469,6.8924388015,7.592118811,6.974031602,6.973067421,9.893824338,10.55986576,12.81790447,10.38827542,7.1747292505,7.911049479,5.666697545,8.965354173,7.685189586,8.576058148,10.4595097,8.580122592,7.152949215,9.015393109666666,10.3385052,6.690809345,7.036570327,9.490969188,8.933502521,10.44514792,9.0278394895,8.303485277,8.6424970415,7.638729941,9.588263134,8.934470574,6.005431336,6.904443101333333,8.229985074,10.013041393,7.500135624,6.543219218,7.77992472,7.770471946,7.869726384,8.878056207,9.012808538,9.366823733,7.321303539,7.062684018,8.621126456,7.338581989,8.318806071,7.622267824,8.596024209,6.1765072844999995,7.61063502,6.7901151465,9.589043469,10.0034624,8.977138408,8.747104197,5.488688645,5.954588567,10.95407349,11.22094898,7.283926758,9.432126755,11.16418386,7.97610891125,6.278915127,10.46104506,7.276368223,7.552781152,11.037926875,7.338883608,6.00691227,7.538629689,8.385417763,9.72301725,7.8827752360000005,6.234392886,9.707600336999999,8.1199696665,10.83209536,6.637102605,9.23751665,7.894479487,8.70326785,7.882071638,9.880878113,8.803536565,7.227095496,6.086911706,7.305880138,8.307413863,6.1003303,7.511733782,8.997597686,7.398294696500001,6.439821321,5.707549506,7.850062703,6.442653014,8.333102056,8.842637484,6.629128224,6.729285217499999,6.747813561,9.830495344,10.00614481,7.5737800065,7.608370758,7.699645460999999,6.3132736640000005,7.45907062,7.433988637,6.721564412,10.98963987,6.1398641405,9.959725022,9.52360774,Control
GSM1033177,6.539153298,7.24833207,7.330440681,8.352295098,6.743080214,6.351234894,7.695074352,11.23945756,6.105994021,7.602645603,6.601904707,6.022676654,7.515504529,7.513913335,7.630037605,8.790940378,9.079510479,6.0155978685000004,7.54125379875,10.7733895805,8.792192184,10.87106745,10.965685597,7.670998775,6.422877692,8.285660703,8.062615632,8.087525127,6.864565895,7.10840286,5.882024957,8.392288705,9.591148911,7.812209641,6.9628157015,6.87904112,6.646301746,6.510876386,8.236676902,9.909777183,12.3502243,10.09555347,7.227592687,7.215890765,6.19757506,7.971890363,6.299716298,8.42753039,10.19604389,8.412042744,7.043535685,8.713007036,8.553471933,5.9597093,6.943475711,9.141370084,9.006084205,10.33746304,9.012241774500001,7.615957412,8.202778987999999,7.038796269,9.252081218,8.55733039,6.011291438,7.047027446333334,7.573093845,8.7743995695,7.266070784,6.229143131,6.274862061,6.701346772,6.750408755,8.603759634,8.809030356,9.481312256,5.869818086,6.767570167,8.045604142,6.524758359,7.865980738,7.541865733,7.956850528,6.099026272,7.527714771,7.3677404355,9.318915714,9.663312666,9.27073343,9.409309399,5.336236165,6.032401209,11.19414671,11.33624653,7.909676185,8.649086282,10.11716565,9.544826904999999,6.26382548,10.032772060500001,7.206921795,7.941428542,10.535309333,6.92514348,5.723339058,7.120392598,9.360477354,9.590443721,6.9532809505,6.16284033,8.963296823,8.156488271499999,10.52244693,6.488726902,8.97086495,7.813427785,8.075122297,8.44887879,9.694523323,7.621693984,6.779932676,5.597319235,6.609151095,8.353042247,6.330335174,6.979881055,9.039051845,7.3165495504999996,6.922724244,5.8056631,7.0324622,6.905343657,8.822470603,8.535477563,7.952411123,7.391333857499999,6.572103493,10.04077759,10.19398066,6.7983112944999995,7.32201989,7.303021555,6.703725668500001,7.602890878,7.335645091,6.776523277,10.42309835,5.751334867500001,8.793886156,9.396874577,Control
GSM1033178,6.544739415,7.00077373,7.099002311,8.053778981,7.004061472,6.633596461,7.709154574499999,11.09702611,6.068735765,7.827171358,6.53140309,6.060510426,7.697892517,7.876094409,8.291805835,9.686793189,9.557125985,6.0095362365,8.0852477925,11.0740498315,9.122059094,11.33974222,11.4960388785,8.086574381,6.337832884,8.388813028,7.519726269,8.229276708,7.244552388,6.948743007,5.30264152,8.875786439,10.11821526,7.722065011,6.8080962839999994,6.530815404,6.983693638,6.795251551,9.505823024,10.16144074,12.876765514999999,10.5725386,7.073973656,6.848035616000001,5.6785197610000004,8.638481402,7.84676709,8.498090257,10.37568928,8.767983423,7.166284334,8.539848363333332,10.60000413,6.51895469,7.300272698,9.252655857,8.973089864,10.6380553,9.0797094595,7.991427079,8.558375614,7.70816726,9.739078457,8.795686706,6.198717851,6.982436715,8.224235123,10.246607579500001,7.41507448,6.55192873,7.674149475,6.489982035,7.95940967,8.879930001,8.847451459,9.897013274,7.265042342,7.217823154,8.465671963,6.429954061,8.188766201,7.776540095,8.34847003,5.9597643075,7.802043791,6.8838482855,9.511005699,10.12302782,9.148574327,8.81520497,5.187912402,6.0522384495,10.67958317,11.41142262,7.336424658,9.68382991,10.78661568,7.88303266275,6.562592678,10.55671993,7.447986159,8.435283588,11.43024065,7.160107279,5.542646501,7.390741302,9.040593882,9.913838605,7.761810164,6.038781834,9.037735463,7.548448523499999,10.59730403,6.758685438,9.263420714999999,8.07607122,8.667844393,8.241804832,9.761833039,7.747716126,6.99840941,5.645522048,6.906657839,8.14017191,6.629964881,7.436618783,8.370507994,7.283316967,5.942771245,6.294242574,7.686374339,6.596633575,8.312644942,9.161521788,7.295848714,7.5814027,6.475273301,9.802783063,8.549208713,7.307481218,7.596152817,6.568690448,6.388081521,7.647324313,7.101630092,6.387205695,10.83072184,5.721949813,9.53252142,9.143662352,ASD
GSM1033179,6.660131326,7.054001007,7.369883412,8.471652831,7.412391504,6.409792302,8.121728788,11.54411427,6.100051547,7.737073456,6.83451247,5.737979443,7.377146935,7.693847956,7.582421977,9.733133183,8.640874921,6.2462037135,7.887855967,11.102085736,9.213806906,10.97175961,10.7171339905,7.094301635,6.970704593,8.110241369,8.8368184930000009,8.05539941,7.312334267,7.093575698,5.442414312,8.669188463,10.23804271,7.886980509,6.4801635045,8.96097421,6.89207108,6.691621689,9.514952517,11.51264733,12.150245774999998,10.88607959,7.0036597615,9.142263762999999,6.024020887,8.753078785,7.359570502,8.291095401,10.13141146,8.394982969,7.331859418,9.793366429333334,8.980698254,6.359227806,7.091902304,9.267208296,9.092005606,9.981765887,8.446172283,8.894838418,8.112486814499999,7.634960281,9.925939471,9.156406878,6.453364197,8.222141932333333,8.004819988,9.6839742995,7.391038734,6.501000743,7.510907882,9.06722423,7.648185914,8.391896799,8.377132106,9.907237223,6.373455513,6.664878704,9.026688126,6.875617248,7.967531683,7.466765961,8.831333091,7.3475563825000005,7.528237461,6.5638139735,9.705213406,9.41764174,9.517524589,8.576458599,5.849810526,6.2655522349999995,10.70875046,10.18159005,7.810679544,9.351881503,10.7783375,8.422325074749999,5.877720146,9.6430480765,7.286044729,6.989666104,10.98999055,6.97282205,6.876553847,8.400390907,8.563739082,9.0936554,8.496363591,6.616117846,10.952800405,9.5855867505,11.59286109,6.71076164,8.7281299965,7.795140068,8.28494839,7.967834361,10.83340778,7.847108225,8.218607776,6.997890253,6.96619591,10.51681803,6.076802049,7.787724591,9.734692789,8.2619153765,7.41507448,6.037832746,7.691429755,6.582882183,7.892284747,8.586172918,6.846399478,6.4015760625,8.475235899,10.79356109,10.66520582,8.906113618,7.419797027,8.770634959999999,6.9378976125000005,7.413770337,9.205495992,6.616984871,10.77700284,7.652362716,9.608106458,8.398396558,Control
GSM1033180,6.591864269,7.342547504,6.848107604,8.022521416,6.69817224,6.238300379,7.387706682,11.08099958,6.035907805,7.366206788,6.589312138,6.348045777,7.452933004,7.374805624,7.873987816,9.464542974,8.813426535,5.6464040865000005,8.215756163750001,10.737122684000001,8.984067811,11.1922946,11.331027433,7.675931739,6.302149759,8.129539348,8.159462767,8.227543635,7.435048103,7.136906789,5.469587679,8.213016106,10.46065366,7.558974264,6.7741901865,6.723434512,7.249768643,6.474125785,10.60123747,10.33533419,12.724643945,9.842182636,7.3630536385,7.0565403710000005,5.712616239,8.873454686,8.190232492,8.01050045,10.20816945,8.675372715,6.815516124,8.691326071666666,10.37671276,6.104296635,6.867935725,9.471524497,8.649086282,10.28033383,8.5370322845,7.055856917,8.2617314865,7.180478054,9.430851592,8.670877011,5.864349211,6.756531774666667,8.51593357,10.045842695000001,7.247085131,6.213440263,7.445175588,6.851029591,7.687818255,8.632374575,8.516340506,9.388717103,7.680848401,7.011378955,8.006662893,6.206695765,7.865347841,7.442719156,8.056692148,5.8605304275000005,7.549854177,7.0498532385,9.588263134,9.763130649,8.893976373,8.356298003,5.242093167,5.3852558495,10.90892633,11.23751063,7.128720841,9.347154901,10.60242974,7.88372212875,6.573496612,10.016311271,6.816634073,8.250184818,11.451597745,6.483054267,5.917251683,7.876094409,8.359966335,9.669651286,7.6516442595,6.282960904,8.743195221,7.9396539425,10.53183254,6.409014381,8.938741991,7.808935877,7.873690274,7.538354351,9.863056215,7.96414674,7.457452967,5.68115438,7.062684018,9.038015267,6.193749553,6.887991587,8.355262636,7.451696231000001,5.904035488,7.102856182,7.282146402,6.391810393,8.14148214,8.714604877,6.999102544,6.9659856725000004,6.572497846,10.19785709,9.12558952,6.910217680500001,7.217008965,6.621192703,6.660617672,7.145623597,7.152949215,6.486616108,10.8580588,5.523098307,9.050256509,9.399401849,ASD
GSM1033181,6.779064278,7.334338384,6.589140017,7.705720932,7.199687574,6.820639472,7.1332543355,10.84379665,5.781769516,7.735610946,6.403441863,6.812436835,7.892284747,7.23323827,8.062960457,9.935010076,8.449915589,5.6877247545,8.23433971525,10.5189058205,8.78286312,11.34706545,11.231518708,7.507231553,5.988208657,7.884590957,7.247571753,7.866327816,7.725048008,6.897587498,5.362481924,8.30570502,10.42726534,7.414835187,6.7111131555,6.695626155,6.972123877,6.357072295,10.02159957,9.544292596,12.70692191,9.861408919,7.7437213735,6.9179967275,5.339501354,9.123537197,7.718715635,7.883036419,9.752163359,8.793886156,6.56636403,8.343245800333333,10.11278309,6.124593164,6.722394798,9.411360099,7.95940967,9.764629164,8.3528371895,7.933164758,8.0676199375,7.067674169,9.061375824,8.26029897,5.741488679,6.629770030666667,8.434915373,10.287509060000001,6.825930549,6.206344194,7.368052256,6.525352664,6.88666324,8.532203309,8.4206589785,8.953062218,7.556948035,6.747813561,8.169839195,7.786547297,7.620115406,7.182208239,8.409426069,5.9644423159999995,6.619026243,6.790732169,9.225772594,10.35295118,8.191323426,7.935916049,5.391014607,5.7969064765,10.55407436,11.85672775,7.29688718,9.49474967,11.0279915,7.67407804925,5.844337345,9.8229444495,6.872319203,8.040353728,11.41346536,6.878810288,6.357461399,8.456324544,8.242141447,9.137320494,7.4355314539999995,6.511421594,8.920837056,7.7167271175,10.55522223,6.254920717,8.590664423,7.536724772,7.794574107,7.524190536,8.7192604,9.428338686,7.489999043,5.775569814,7.28678145,7.951415923,5.997425747,6.539553023,7.974934459,7.549562785,6.375073859,6.797551302,7.597815784,6.400058801,7.582175975,8.284257663,6.780160915,7.026087627500001,6.50156822,10.55037281,8.974102525,6.670054926500001,7.190206248,6.351189334,6.2566071655,6.923474631,6.894608142,6.440021987,10.14793082,5.8049513015,9.782316929,9.992878563,ASD
GSM1033182,6.654035139,7.359570502,6.663612148,7.566554256,7.46813236,6.638932349,7.196793715,10.7538678,5.729348213,7.389466463,6.52249522,6.198379291,7.68255082,6.921792459,7.999025433,9.944118434,8.874426439,6.077691443,8.35886066975,10.539110945000001,8.660496442,11.48179256,11.2155503265,7.416065821,6.111327486,8.405657697,7.618470378,7.888287807,7.668503393,6.761035014,5.719660258,7.726481378,10.35295118,7.084950523,6.698727164499999,6.472959077,7.162157738,6.110718581,10.09274299,9.951550743,12.49314875,9.691067542,7.5359374379999995,6.791471356,5.750686832,8.829522167,7.059036508,7.844680255,9.6393641,8.722884259,6.517239473,8.081671205666666,10.38949972,6.105374971,6.754407043,8.777724274,8.009835737,9.774015857,8.4681902855,7.474140619,8.103318246499999,6.939990033,8.869644026,7.50565538,5.643551308,6.883249695333333,8.350011028,10.002411912,6.875438558,6.005574269,6.9864608,6.388941128,7.976592339,8.479130379,8.5596525075,8.674586763,7.07045725,7.030501765,8.11335626,7.764872222,7.520268446,7.189208513,8.180444619,5.8734695200000004,6.858028557,6.9244671229999994,8.392288705,10.46944842,8.177346821,7.858040955,5.153643635,6.1451054045,10.5677613,11.5088004,7.660135776,9.340754055,10.83340778,9.2485933535,6.123086164,9.596519039,6.699225064,8.012155827,11.756970055,6.877484906,6.375422619,7.478763622,7.849748752,9.352456718,7.065175302,6.195308473,8.646523782,7.7239160775,10.62499956,6.099041137,8.695942529,7.691856652,7.975920022,7.152207346,10.22627908,8.352635889,7.67210109,5.517381636,6.940452969,9.819431979,5.934414246,6.411290098,8.324863889,7.053507871,6.227592293,7.031049528,7.319760046,6.348232656,8.135804278,8.005168284,6.679697442,7.103850895,6.352099445,10.3852708,9.282025297,6.9645610995,7.13994307,6.7821443335,6.433603494,7.367010698,6.882069548,5.983327616,9.958166316,5.4985541405,9.176623495,9.006084205,ASD
GSM1033183,6.711385579,7.203513558,6.965229594,8.099795163,7.176588872,6.817288195,7.7789722235,10.97175961,5.878178579,7.861712951,6.646711941,6.065994356,8.144519387,7.784823579,7.959079147,9.842957994,9.392475182,6.0655393255,8.2190597685,10.799480845,9.10873802,11.48882035,11.496488949,8.037712564,6.576858211,8.51286775,7.129489114,8.096622406,7.525858588,6.888642243,5.821354866,8.65728374,10.33088028,7.809217786,6.9500699955,6.855604568,7.021143918,6.4643056229999996,9.607383709,10.00178438,12.820916645,10.02523278,7.1043786585,7.1816396959999995,5.958451805,8.967762537,7.792733365,8.466033332,10.33314519,8.7513803,7.033712984,8.762629639333333,10.11716565,6.224284096,7.129713963,9.46277681,8.702106373,10.26479185,9.1699387865,8.175678536,8.330188785,7.404426661,9.779996992,8.286365112,5.972450686,6.560438194,8.333102056,10.1341208115,6.670566748,6.458790127,7.488935739,6.910095812,7.933451701,8.541952623,8.884680527,9.557125985,7.106985185,7.427371715,8.248147217,7.670998775,8.14876917,7.793976284,8.36151336,5.8504941855,7.638729941,7.1104499725,9.197207403,10.10106923,8.544218527,8.170896639,5.349842175,6.384735064,11.08885986,11.59286109,7.17685406,9.462119322,10.47410962,9.940425555500001,6.278734078,10.223924284999999,6.963050819,8.111958167,11.463903425,6.882069548,6.131312851,8.692556996,8.367432065,9.631690208,7.4703590465,6.31366369,9.024675954,7.9088461510000005,10.60722582,6.618638873,9.076866659,8.235984987,8.342871541,7.683776944,9.807946176,8.595607799,8.437679948,5.580308756,6.676536865,10.3072569,6.372926959,7.140692309,8.581674909,7.316532768,6.086911706,6.221553632,7.350402716,6.871639786,7.904692889,8.925774674,6.420288842,7.199645241500001,6.358625884,11.08278599,9.915398091,6.998206657,7.362145502,6.856593667,5.943756623,7.711661247,7.050414945,7.539147878,10.55407436,5.9137218785000005,9.223560538,9.839166777,ASD
GSM1033184,6.576390336,7.10504241,7.255165681,8.101766306,7.228940445,6.490898305,7.745881928999999,11.33283854,6.211650251,7.800135435,6.852158049,6.104000025,7.56548255,8.123069499,8.092701115,9.497961608,9.621470732,5.8705747325,8.35348481175,11.1760044905,9.433486743,11.53159241,11.4549294105,8.385417763,6.438639155,8.516326382,7.514156397,8.325261117,7.764872222,6.798154525,6.078513046,8.681152317,10.11278309,7.768074513,7.167732297000001,6.372926959,7.110124747,6.943923006,10.29019545,10.33746304,12.772358205,10.21930897,7.0122825685,6.787769474499999,6.009950154,8.990595303,7.777756351,8.653565952,10.70757258,8.831797396,7.37358528,8.797436804,10.7101082,6.247060538,7.214160242,9.571054731,9.303355773,10.8961876,9.322764718999998,7.956850528,8.928521975,7.782067011,9.907237223,8.94965776,5.910603559,6.610320362666666,8.294737776,10.1443771465,7.262986846,6.832565836,7.50697274,6.521934296,7.892602284,9.248571131,9.237722158499999,9.883305143,7.227904833,7.544651992,8.274160381,6.91572727,8.692556996,7.968139736,8.49546343,5.6545186325,8.359966335,6.6185196175000005,9.815420728,9.675181225,8.743146366,8.220434366,5.123566509,5.8796289305,11.0339678,11.33974222,7.292000011,9.524900371,11.35689837,10.033731483,6.992368954,10.64346587,7.300477862,8.071838891,11.205062505,7.151673418,6.088667718,7.681988179,8.816527783,9.71240781,7.7447678095,6.545317818,8.657929571499999,8.012565199,10.14219096,6.489465537,9.113142210500001,8.105416902,8.677095878,7.867877511,9.795195465,8.383521378,7.579305628,5.526235608,7.00223527,9.320116369,6.688666927,7.58560593,8.692192783,6.9544743415,6.062854543,6.801952626,7.613936357,6.511421594,8.038384852,9.138511513,6.582882183,7.8087656765,6.287268652,10.19697743,9.369930476,7.302436525499999,7.605848804,6.711219826000001,5.9206460245,7.366739225,6.871422607,6.561021394,10.84907401,5.4980958399999995,9.570383613,10.08219286,ASD
GSM1033185,6.803085285,7.321303539,6.996934229,7.884885749,6.838060414,6.715300659,7.511511339,11.07772186,6.209138388,7.750069513,6.205847923,6.756709671,7.255433895,7.746259664,8.202055022,9.622774154,9.485491753,5.8469209295,8.380464859,10.9287921575,8.843085047,11.50230424,11.673164525,8.351922194,6.239461691,8.756957409,7.707565297,8.274540034,7.708706062,7.132507474,5.619871954,8.526638245,10.47971456,7.604441572,6.805109129,6.749780774,7.628573897,6.721564412,10.36154088,10.19497626,13.04063406,10.21657259,7.1586938345,7.199648916,5.820381493,9.042802764,7.718068536,8.389158576,10.70625366,8.470202797,7.205335663,8.540506532,10.53998828,6.26382548,7.403332198,9.480748591,8.957451343,10.69699352,9.267342971,8.413150119,8.7147304545,7.626293366,9.763130649,8.658471429,6.056648562,7.1177931789999995,8.131524772,10.206450601,7.45959819,6.716154674,7.618761083,6.949768859,7.947804939,9.253765087,9.1025392665,9.332760377,7.38160662,7.569057208,8.020493619,7.825678886,8.476724614,7.762699127,8.223519504,5.8815817025,7.979943697,6.6742726095,9.352948559,10.43949485,8.601307529,8.56656218,5.369825269,6.0273530475,10.74490063,12.19094516,6.934000987,9.271315568,10.67435929,8.8346673595,6.726316655,10.47388591,6.892272052,7.938471717,11.461333415,6.591668757,6.442653014,8.363415697,8.743612511,9.840665334,7.6417583795,6.613411315,8.981368738,7.5599568575,10.72131114,6.681235606,9.095245128,8.079130236,8.546443919,7.613661421,10.05677052,8.953541376,7.647324313,5.80156211,6.970929733,8.095962338,6.294419689,7.346202356,8.38242272,7.1962073325,6.115235567,6.785130702,7.306133297,6.116756826,7.197905892,8.833126355,6.602324278,7.612067887,6.336098917,10.85358602,9.440587232,6.9236903524999995,7.141922071,6.8520382565,6.691608702,6.897587498,7.126796815,6.193909442,11.00462564,5.8327863275,9.124013713,10.02253676,ASD
GSM1033186,6.708369374,7.25171527,7.102856182,8.398842786,6.608769886,6.077377819,7.7157078795,10.76192007,5.949002522,7.627134481,6.989666104,6.183604752,7.928317585,7.778980027,7.557244722,10.0052877,8.514770442,5.5171031645,7.71516861575,11.377029288,9.223002964,10.25088918,10.783313742499999,7.542941957,6.899693377,7.959079147,7.878789204,8.620670686,7.052296124,6.744783176,5.581147881,8.365550156,9.925939471,8.41396634,7.26789101,8.34325568,6.831286193,6.717056422,9.106469584,9.580893134,12.358602535,10.77165629,7.493517452999999,8.7787188605,5.306620216,9.293835248,8.272635374,8.540053467,9.889790696,9.290846655,7.13164136,9.870325625333333,10.30238781,6.523262537,6.735945198,9.357885773,8.870136551,10.27388201,8.510921948,7.884885749,8.098640429,7.489223097,10.09931769,8.921724855,6.189580644,6.6816266256666665,8.924742009,10.539884125,6.768791666,6.849198883,7.234992012,8.690905936,7.805989486,8.99862603,8.174532716,11.10042001,6.738940511,6.994741046,8.767161649,6.369239859,7.817656361,7.022134866,8.406043888,6.5058518935,7.736474528,8.5050909375,9.618770735,9.207577748,10.24602815,8.352295098,5.958056439,5.2422759375,11.23236219,10.7538678,8.867761583,10.03537055,11.00174511,8.187769698,6.362947473,9.6122330015,8.165452289,8.82719274,10.622596231,7.795955484,6.086209949,8.187682148,8.334546622,9.032755807,8.4037414745,6.417947105,9.8714545105,8.7316359055,10.86533376,7.871824961,10.31767387,7.623109142,8.328934414,8.016040512,9.161521788,8.023166347,7.916598125,6.809262537,7.568228014,10.03984044,7.447142114,7.390512628,8.630839844,8.368290459,6.417594162,6.634813029,7.678566678,8.157631324,9.622774154,8.185231582,6.894831873,7.345067694500001,6.195649791,10.44950645,9.769267786,8.032700975000001,8.651466112,7.2741987805,5.74087204,9.092005606,8.355961552,6.631998082,10.48435678,6.393729615,9.812449511,9.141370084,ASD
GSM1033187,6.525352664,7.411044193,6.931365681,7.863913116,6.915439451,6.443172753,7.4608274045,10.83467984,5.872670877,7.656549558,6.41611995,6.072245217,7.271522488,7.534239982,7.495105553,9.876028569,8.517103039,5.6925452825,8.06598438675,10.599037434,8.967762537,10.98366621,11.238627985499999,7.520825606,6.315503775,8.166147106,8.269080615,7.664488953,7.50313322,6.805769098,5.74318204,8.182484689,9.86697574,7.390214043,6.9507722615,8.084509576,6.797317541,6.314689387,9.286710805,10.23621953,12.813753035,10.14418899,7.720364913,8.608904461,5.69313811,8.545684258,7.653079068,7.94334382,9.786829395,8.596024209,6.683938107,8.575988724666667,9.761833039,6.112556409,6.803514297,9.147453057,8.111223476,9.731033214,8.6336288545,8.200623952,8.1053937595,6.968594118,8.869209316,8.214805732,5.95235917,6.752536952,8.062960457,9.5242315065,7.325440594,6.085745555,7.414322546,8.315290692,7.338330564,8.47637319,8.581504838,8.903024982,6.717876151,6.723241259,7.847108225,6.754198519,7.51495219,6.966914672,8.164805483,6.3218392685,7.511993704,7.0745902140000005,9.314035043,10.04077759,8.357428838,8.332040711,5.58860244,5.789655037499999,11.01360199,10.99580252,8.105089723,9.205495992,10.61425562,9.025306871,5.98540639,9.485127838,6.753510399,7.625378542,11.0970683,6.777200839,5.620710362,7.149828627,8.574073177,9.046506251,7.7468147510000005,6.167611909,9.476774923499999,8.49404731,10.72774418,6.289906357,8.729460954,7.47257824,7.829685158,8.324133085,9.625578511,8.450299689,7.193517093,6.706004159,7.073720394,7.481676751,5.856724024,6.951655645,8.671280545,7.9136094009999995,6.578979593,6.964523953,7.283685159,6.404922268,8.298862016,8.189108394,7.902867212,7.624674032,6.922724244,9.395515725,10.17756887,7.2177995500000005,7.027971848,7.2195473544999995,6.6551648145,7.992061089,7.593536111,6.333170048,10.0415165,6.5655724315,9.226268969,9.321923296,Control
GSM1033188,6.463763617,7.226337003,6.933745224,7.899104026,6.787131943,6.259630505,7.595362150500001,10.64783883,5.699213972,7.730115013,6.582251559,6.583481253,7.957440738,7.759727812,7.607797334,9.987907282,8.326318447,5.3195684795,7.9086849914999995,10.9686127845,9.516914451,11.14395792,10.8883204095,7.621693984,6.594853802,8.015712021,7.39683475,8.312293926,7.310119375,6.925628299,5.791797067,8.246420804,10.0704249,8.011822103,7.1644123215,6.803293724,6.882941992,6.383269298,9.264123779,10.10739996,12.376054965,10.17003777,7.216244548,7.261287528,5.737228266,8.984663704,7.925254904,8.273025411,9.635897179,9.053823688,7.143687007,8.960305203,10.37783397,6.099194175,6.513911092,9.271844297,8.564571516,9.861408919,8.4597212145,7.889779681,7.879796798000001,7.244798696,9.623436834,8.445911112,6.228682072,6.012883276666667,8.933502521,10.51087114,6.992867946,6.437516996,7.487238277,7.001489504,8.036045515,8.61942173,8.0903181045,10.06675452,7.254696716,6.831715553,7.917525724,6.880358757,7.676211561,7.239315491,7.999688318,5.992617876000001,7.58846603,8.026720574,9.229548149,9.619406123,9.351239376,8.45177765,5.172794346,5.416722847,11.21010004,11.69089654,8.001706404,9.944118434,10.48998112,9.394364637,6.149939699,9.5808991725,7.661830496,9.219475125,11.204332645000001,6.832565836,5.678765242,7.861712951,8.194249339,9.172156357,7.958289281500001,6.683303831,8.902989100500001,7.952988174,10.47751846,7.130627211,9.422412598,7.46263384,7.992061089,7.329940718,8.98515354,9.044488345,7.080450137,5.854444749,6.785130702,9.690227317,6.559841944,7.326502916,8.293949783,7.5421319915,6.165347008,6.770544202,7.086851283,7.319217155,8.958023684,8.167784968,7.338023723,7.024207513,6.428983692,10.67300973,9.486196239,7.054965166000001,7.803253542,6.618347403,6.3375996395000005,7.42596897,7.015402678,7.062892506,10.46843225,5.9446449615,9.234852575,8.97767655,ASD
GSM1033189,6.727157484,7.55533897,7.185562614,7.796588322,6.977457097,6.5613919,7.513063421,11.07449173,6.217244854,7.490781249,6.798394204,6.176479741,7.689032478,7.839412312,8.268414093,9.68382991,9.321923296,5.627640308,7.7941195175,10.770020505,9.051229067,11.32531129,11.214481876,7.962274789,6.462043227,8.239920571,7.505896161,8.111614328,7.026255398,6.751501796,5.285635469,8.598103425,9.953951788,7.565755061,6.594200429500001,6.587317008,6.564008126,6.434883921,8.706823378,10.07656047,12.674709159999999,10.36395602,7.680288825,6.9943480275,5.942534949,8.359966335,6.455948963,8.62558264,10.43282046,8.914264855,7.12325719,8.456783257666666,9.190218072,6.21789579,7.035852411,9.114312144,8.439920217,9.994643948,8.74755685,7.82269035,8.2752291045,7.390512628,9.484776122,8.857207658,5.98540639,6.864285372666666,7.86018093,9.9669368125,7.501460664,6.653809035,6.791084851,6.777831554,7.023798049,8.983572463,8.707252548,9.54915223,6.551204183,6.999348459,8.046885424,7.444585794,8.10013885,7.843165316,8.353803978,5.996980971999999,7.559544692,6.3270903574999995,9.703752098,9.763130649,8.867761583,8.49546343,5.082804587,5.746117695000001,10.70349809,11.58421403,7.261921885,8.627177722,10.7671649,7.7608664845,6.335917818,10.271431320000001,7.059562295,8.132224605,10.846098163,6.79131863,5.9597093,8.498872713,8.47637319,9.750689193,7.103348068,6.923920058,8.503091695,7.591197169999999,10.21469771,6.837371237,9.1334090525,7.983722207,8.335259953,7.571981178,10.25876084,8.082075075,7.961358926,5.596588132,6.651522347,8.900594126,6.390384429,7.287050757,8.291805835,6.695274739,6.109696081,7.165069242,7.25171527,6.362779429,7.772903464,8.445547047,6.30342154,7.780962349499999,6.26937696,10.78661568,8.671280545,7.1791162260000005,7.417139217,6.511186990000001,5.9877964615,7.019360525,6.745024779,6.589519296,10.95546154,5.515564088,9.050256509,9.705944052,ASD
GSM1033190,6.579578131,7.212214754,6.763302744,7.967531683,7.388898754,6.365583566,7.512897113,10.68097229,5.926730107,7.326230402,6.412376538,6.711811244,7.933451701,7.132644604,7.772903464,9.971499665,8.439920217,5.8466671285,8.1192302715,10.6030959905,9.014987435,11.36836482,11.179922957999999,7.381343104,6.228990428,7.970630871,7.543240982,7.996708218,7.577364422,6.88666324,6.080137811,7.799289438,10.13534,7.50313322,6.7721443914999995,7.492960681,7.060542594,6.294419689,9.420740083,9.729589592,12.55190765,9.902696083,7.6230074355,7.928085444,5.912405201,9.08991375,7.620887276,7.987928635,9.564328253,9.052220228,6.795251551,8.397544006333334,10.01140238,6.150564355,6.58330698,9.090406633,8.219691122,9.496774564,8.364717146,7.815887728,7.800214425,6.910569908,8.99011668,7.911846216,5.875306015,6.5829409273333335,8.532555556,10.41577639,6.702375214,6.066866018,7.492679318,7.780833374,7.7291978,8.616724334,8.448912568499999,9.289049511,7.42443073,6.741683229,8.204131121,6.894831873,7.328619677,7.295050692,8.044952222,5.9075227665,7.262463452,7.038860870000001,8.762479511,9.801364333,8.937955452,7.853748802,5.557636791,5.840231825,10.94967319,11.85934295,7.391618633,9.462119322,10.43499588,10.02934557925,6.092421782,9.591536703,6.91865433,8.508090239,11.232307545,6.957739005,6.629327501,8.040353728,8.321550789,9.107577002,7.506565708,6.460171353,9.117774070500001,7.8577381355,10.71874319,6.769244522,8.9061838015,7.488404536,7.973402127,7.121091968,8.852443227,9.097513281,7.547977751,5.874691536,6.991646938,9.678826555,6.488726902,6.561819255,8.463787177,7.432510097,5.976878627,7.056360631,7.208211419,6.470618054,8.918728896,8.19606946,6.94281086,7.658284383,6.055693616,10.58724207,8.691330098,7.107403617,7.558685761,6.9248072405,6.4318094135,7.271776296,7.129713963,6.777200839,9.905732959,6.0401503640000005,9.095876881,8.991602561,ASD
GSM1033191,6.563778165,7.38477882,6.869556962,8.092701115,7.438228855,6.494328974,7.637605697,10.81338458,5.984746941,7.68255082,6.885263435,6.228848236,7.730115013,7.504578701,7.855276114,10.02704973,9.366823733,5.9968595695,8.2366939305,10.752321196,9.267865335,11.54659218,11.215966316,7.829387514,6.458790127,8.504330018,7.503692885,8.200259242,7.716331384,7.132130352,5.971792294,8.517959225,10.08432836,7.927660195,6.9760358085,6.333910318,7.137674547,6.566194963,9.531191462,10.15387342,12.41893341,10.20069397,7.119966762000001,6.6289251505,6.026392581,8.951648293,7.58846603,8.389540495,9.863056215,8.771535177,7.005970708,8.498930835333333,10.29243422,6.192796427,6.958221807,9.413352405,8.68969561,10.03708226,8.677530924,7.776247081,8.058878521,7.163395735,9.379011424,8.296909993,6.198558768,6.722616279666666,8.593656991,10.2093480805,6.908907189,6.526001699,7.597815784,6.591074133,8.208526712,8.792620079,8.6413502195,9.476778979,7.213899802,6.900139538,8.045604142,7.249034002,7.793976284,7.557824942,8.107446651,5.9371055135,7.973670772,7.73131697,9.119393992,10.0704249,8.812123074,8.248484618,5.021524177,6.1151204055,10.9259382,11.3434833,7.567116683,9.918812799,10.74746639,9.963042012999999,6.151660226,9.9953031305,7.267057858,8.672521645,11.396071495000001,7.022844254,6.283481346,7.6372972710000004,8.324863889,9.381432955,7.5034926550000005,7.621693984,8.783899392999999,8.078826953,10.31568951,6.968057954,9.1646121235,7.70511386,8.434520623,7.126567206,10.02338088,8.475235899,7.481676751,5.350252795,6.917268639,10.43171841,6.502667734,7.093813599,8.496188566,7.3610549249999995,6.410173058,6.465841107,7.373031289,6.895563948,8.330851466,8.367809788,6.281391934,7.822198881,6.097681929,10.12396198,8.7785186,6.5844501705,7.669866841,6.961454299,6.4218146325,7.158775438,7.291748387,6.17833507,10.43725502,5.503355690499999,9.235406226,9.141370084,ASD
GSM1033192,6.634005174,7.179659022,7.32201989,8.037378173,6.752418768,6.636627884,7.6060437929999996,11.13700034,6.124284892,7.558974264,6.565229132,6.2746870789999996,7.420058853,7.837025485,8.057386056,9.760354411,9.449919242,5.758292346499999,8.11929965575,11.134365151499999,9.384528614,11.21342954,11.313254713,8.232130918,6.678224176,8.330851466,7.635246293,8.354895325,7.497711649,6.723241259,5.891482193,8.479940981,10.37783397,7.699877254,6.968632595,7.092856932,7.216198209,6.764591347,9.980065704,10.0620539,12.429945085,10.50762981,6.994057174,7.330228354,5.87213429,8.878528115,7.825957484,8.800296819,10.63690041,8.78682098,7.036078554,8.974300594,10.35834315,6.149804015,7.078763591,9.627801572,8.837737358,10.67179062,8.949734227,7.687818255,8.561722263,7.646793614,9.670317484,8.555812934,6.363307357,6.868330751333334,8.47637319,10.382371545,7.452375863,6.583888918,7.805402064,7.168188944,8.133557055,9.176064111,8.8757670255,10.06032858,7.030501765,7.417139217,8.339816194,6.745024779,8.319179655,7.584377792,8.068508843,6.076756007,7.790043389,7.017928541,9.474860811,9.665376257,9.442959151,8.217281289,5.412702757,5.7520257315,11.07285352,11.93442579,7.829997948,9.736203151,10.73832143,9.470445102,6.776978333,10.318051454999999,7.163162125,8.372723799,11.270769654999999,7.345964284,6.735280332,8.303163612,8.54801494,10.02338088,7.9734868675,5.971532034,9.0608354855,7.839166715,10.69573748,6.95419208,9.504852767500001,7.965408589,8.692192783,7.623377851,9.941630073,8.536267728,8.283527138,5.888275309,6.680359197,9.943273874,6.760198867,6.837167118,8.439168999,7.3246555485,6.08044505,6.58079753,7.299741893,6.717267323,8.322640455,8.813002994,6.257947748,6.7180951915,6.113288331,10.6380553,10.18531617,7.4390135185,7.958116661,6.857226635,6.750329194,7.845896825,7.446287464,6.384169933,11.15554447,5.791025736,9.134711043,9.972313729,ASD
GSM1033193,6.719968119,7.45372117,6.385080988,7.595864421,6.727853732,6.538597968,7.4406929315,10.48792818,5.539108977,7.345478239,6.593027328,6.508530778,7.88031597,7.141922071,7.896344669,9.897013274,8.128820609,5.687836173,8.0882539875,10.4556818,8.291805835,11.58854722,11.2491084695,7.111085961,6.079144622,8.132876289,7.693847956,7.779617588,7.582992816,7.160107279,5.450106818,7.618191571,10.18433881,7.537231364,6.613366928,6.853747625,7.008581946,6.30687247,9.848059221,9.967361797,12.799634675,10.12302782,7.8613201020000005,7.17478864,5.599967504,9.235406226,8.026721042,8.010791457,9.214392913,9.306430089,6.691218618,8.609596982666666,10.57120349,6.301994757,6.851912105,8.786360549,7.955542054,9.598696007,8.222839444,7.471514976,7.8782836355,6.920222178,9.001083688,7.847727266,5.897252491,6.768371963666667,8.588990668,10.1140270105,6.825233384,5.96719842,7.390741302,6.969766519,7.810390297,8.342148405,8.354533215,9.311590593,6.69892468,6.523045809,8.153454567,7.023798049,7.328619677,6.847450052,8.471652831,6.225125189,6.663392651,7.2514392665,8.821515187,10.53775299,8.745391556,8.098859668,5.33638348,5.7708080785,10.33417236,12.05859407,7.37562957,9.776190769,10.95136711,7.965211343749999,5.875006656,9.3173825645,6.978968408,8.401503823,11.560199625,7.501192905,5.987604246,7.572806461,8.13022588,8.992082879,7.462429502,6.137488572,9.227756741,7.8042768575,10.56430748,6.454064635,8.8417274395,7.58846603,7.904976938,7.356668859,9.943273874,8.965818994,7.219533376,5.796836499,7.164799525,8.226378393,6.223005686,6.36675694,8.829522167,7.457225532500001,6.30961762,6.601326486,7.631825334,6.780798385,8.236676902,8.046885424,6.285911712,7.780251189,6.401678294,9.770023428,8.405657697,7.1336659205,7.33670042,6.438162783999999,5.698665671,7.143687007,6.77886101,6.51510061,10.00882444,5.9198815825,9.681107319,9.743529807,ASD
GSM1033194,6.569867379,6.906657839,6.902669387,7.924960058,7.25171527,6.512367821,7.6035429165,11.03865295,6.188123763,7.873380674,6.654834643,6.148060032,7.818797308,7.909044929,8.180087653,9.984461451,9.778532335,5.8970761565,8.143206306749999,11.019905886,9.053288115,11.41987102,11.340130746,8.300621552,6.399517465,8.340930387,7.923511173,8.441058792,7.558385587,6.69817224,5.720578572,8.712031863,10.3508605,7.795955484,6.882113232,6.539344267,7.442949699,6.664669545,9.73393657,9.802089254,12.484033355,9.905732959,7.025526447,6.7010996075,6.025272686,8.80258593,7.721110755,8.56209475,10.70757258,8.670449726,7.220489437,8.491503895333333,10.70101042,6.186798466,7.247085131,9.388717103,8.975555056,10.74877676,9.185893335,8.125519447,8.712641481,7.471771144,9.693865348,8.472830449,5.859888459,6.995999175333333,8.566154171,10.321480802,7.342108751,6.63807184,7.824168429,6.387727379,7.801722788,9.031793574,8.9485393595,9.986965084,7.435279961,7.310840003,7.919732986,6.500815998,8.483743249,7.692583186,8.290416636,5.685043991000001,8.52314206,7.6058459655,9.265367317,10.50762981,8.742286972,8.277543161,5.327526012,6.0387982805,10.79759211,11.86491847,7.166506386,9.617364295,10.85056396,8.8526571025,6.574727917,10.507505725,7.040264038,8.318806071,11.81096982,6.999348459,5.812204659,8.005168284,8.675372715,9.876858195,7.679947731,6.246369558,8.876601505,7.3408846455,10.51681803,6.809711598,8.985866804,8.272292009,8.652637902,7.486966906,9.902696083,7.938471717,7.306388318,5.386799298,6.864098927,10.43725502,6.561819255,7.5779101,8.018973607,7.4901434565,5.861559888,6.618435412,7.452643133,6.266155103,7.731845592,8.724243942,6.862462801,7.264626503500001,6.078821336,10.95287627,9.226764947,6.752406632,7.686094906,6.6553904485,5.7187865405,7.110825606,6.71076164,6.124284892,10.88607959,5.749384057,9.214967472,9.848874438,Control
GSM1033195,6.726513955,7.645624416,7.395771127,8.385417763,6.844248038,6.770085466,7.888398133,11.00321691,6.095505572,7.866327816,6.782789882,6.453725562,7.750341556,8.069180652,8.089593078,8.739310546,9.686793189,5.730305053,7.531388960499999,11.044143806000001,9.358531594,11.23556873,11.1133310895,8.198816531,6.65972416,8.218267297,7.370695108,8.22459669,6.904586137,7.102163226,5.59298053,8.549936553,8.92519571,7.804839094,7.055971619999999,8.041671316,6.537458156,6.629555663,8.718848081,10.39072661,12.336209255,10.21171632,7.2504536900000005,8.3965430325,6.520425802,7.701609289,6.327193047,8.661588372,10.87817113,9.000116811,7.189948545,9.295550158333333,9.201576841,6.002342613,7.224840132,9.272958939,8.903024982,10.66275362,8.991512399000001,8.126815242,8.235596809,7.599835207,9.691751169,8.688407294,5.931221321,6.576628113666667,7.773846737,9.0525480515,7.0659319,6.469880309,5.854648146,8.102723992,6.723640923,8.769332997,8.923997977,10.38949972,6.462421958,7.345964284,8.631283438,7.449873134,8.390305788,7.939093278,7.991427079,6.1911479035,7.499014025,6.675211712,9.631064124,9.682443425,9.472925035,9.186473033,5.400639625,5.928929633,11.25573353,11.70284268,7.829099684,7.941119793,10.13963671,8.188195604,6.582643048,10.32004008,7.666170259,8.008606169,10.619478838,6.487941598,6.404922268,8.038710197,8.783794376,10.12672587,6.7404610285,6.293923472,9.294508117,8.4253998895,10.53671855,7.091902304,9.267835545499999,8.407526498,8.417044324,7.819994061,9.528448274,8.464550775,7.688109247,6.366081392,6.386296663,9.525567042,6.864762651,7.013285067,8.867256031,7.450008868499999,6.598675994,6.836306342,6.969075737,7.042114382,8.712031863,9.136288168,6.103220007,8.010218544,6.568373679,9.872850475,10.10106923,7.4942754865,7.681711187,7.6638785775,5.824306120499999,7.583257487,7.208460079,6.236176374,11.18546666,6.2051969605,8.558518524,9.203201208,ASD
GSM1033196,6.978444164,7.561282346,7.108644662,7.841893731,6.71076164,6.742360893,7.472030624,11.1152424,5.879956476,7.419248286,6.709899034,6.213267172,8.05539941,7.789177541,8.269080615,9.879302575,9.010851578,5.6509266359999994,7.8367980555,10.891271672,8.78286312,11.21720475,11.0986161275,7.801101915,6.435649368,8.098518258,7.306633356,8.184863503,7.344639742,7.022844254,5.194909479,8.441469709,9.626343999,7.749253032,6.609622226,6.155091824,6.492776932,6.627055205,9.003573454,10.47296693,12.483510375,9.980065704,7.3940243455,6.336912987,5.367364357,9.007075728,6.426809239,8.440643172,10.26165233,9.183512696,6.982303669,8.426905069666667,9.627801572,6.317199218,7.109860879,8.769332997,8.404838046,10.02901986,8.5488223195,7.868182718,8.1960162465,7.528237461,9.220645465,8.724647561,5.936019219,6.561019499,8.646343019,10.093781439,7.163859324,6.187123098,6.282582376,6.231586909,7.394688289,8.469465271,8.415418579999999,10.01228251,7.114456285,6.896908493,8.394262613,7.036078554,7.983403545,7.272279799,8.413150119,5.9830598915,7.307736645,6.845014302999999,9.581601513,10.12481545,9.18470734,8.513221206,4.871380875,5.422932901499999,10.58724207,11.36836482,6.979200779,9.550404406,10.76065604,7.7219488475,6.260793176,9.916573826499999,7.643676739,8.731512433,11.15488856,7.311357954,6.295683841,7.586735583,8.198158835,9.759665853,7.3198101295,5.542868189,8.695268087999999,7.8097869165,10.35418626,7.078251699,9.283475390500001,8.11299794,8.255389311,7.567732351,9.789829076,8.260677125,7.728157445,5.521294306,7.323599947,9.627058362,6.257637662,7.055856917,8.262051138,7.166659063499999,6.320636235,7.337234829,7.490781249,6.824596105,8.324469782,8.795686706,7.274087736,7.696661938,6.488333964,10.17856285,10.2203621,6.295208582,7.698441679,6.722475514999999,6.5033481605,7.038057423,6.612608397,7.080237376,10.90167123,5.640821483,9.504602543,9.929947586,ASD
GSM1033197,6.745619771,7.342108751,6.756466113,7.901209307,6.828055071,6.7484411,7.6462809445,10.84653744,5.840283338,7.39800464,6.3757434,6.157549512,7.80657285,7.327005291,8.257535103,10.24402119,8.846293525,5.871563923,8.22551275925,10.6251855965,8.868214206,11.46951287,11.257888896,7.443251844,6.500412989,8.237063946,7.391618633,8.189868662,7.467856933,6.908665324,5.308533241,8.300298141,10.11821526,7.549584424,6.4780774685,6.251388579,6.950981027,6.370322022,9.767675243,10.239155,12.71711885,10.38415775,7.2060173695,6.4564463125,5.362381116,9.149091033,7.745685512,8.333791085,10.07656047,9.147453057,6.722394798,8.431130287666667,10.48557001,6.458982415,6.98717395,8.824273089,8.553081739,9.8465495,8.730215676,7.61455262,8.14026626,7.350402716,9.218345925,8.174962421,5.807411105,6.848589258666666,8.874912357,10.299839675000001,7.149335648,6.190560324,7.212921389,6.222170677,8.374283311,8.445151395,8.510279049,9.528448274,7.181278385,6.867935725,8.347708983,7.017813802,7.875252165,7.350928601,8.484125269,5.758450551,7.191496459,6.737199803999999,9.003107639,10.40877934,9.041122244,8.354529616,5.036258922,5.9254168400000005,10.49242426,11.4351848,7.099002311,9.65064455,10.7538678,7.79337566275,6.357647859,9.9324085834999991,7.15087595,8.70372247,11.573259629999999,7.448513035,6.229799639,7.539697221,8.406043888,9.608770614,7.691546497500001,5.933769566,8.7283725385,7.7597932255,10.52368441,6.743304446,9.1342862895,7.79035512,8.331673576,7.401922678,9.843716059,8.522417534,7.757059156,5.453882364,7.256912122,8.933970583,6.364567439,6.903355532,8.38424548,7.238168751,6.257637662,7.130205095,7.703417932,6.775597266,8.45404714,8.503149751,7.117960478,7.653801799,6.368904861,10.25088918,10.16610203,6.635849553,7.752559592,6.7061477815,6.392225911500001,7.361646079,6.664463822,7.159523216,10.19310649,5.5601742185,9.369359313,9.95315701,ASD
GSM1033198,6.890439936,7.328887518,7.039515993,7.968139736,6.971893192,6.511230925,7.284111249,11.11874593,5.97349587,7.448782217,6.420123873,6.101919972,7.124841636,7.628573897,8.306468913,9.716057356,8.787782641,5.4604010935,8.10977292075,10.8936170065,9.165410361,11.39731141,10.9880611655,7.639027445,6.419552864,8.359966335,7.775651227,7.801426597,7.600396652,7.289111741,5.412785029,8.163376881,10.21930897,7.591872116,6.982827169,7.578208624,7.143224192,6.435847979,9.271844297,10.0052877,12.442788095000001,10.14900345,7.202046384,8.007829093,5.480016293,8.727121659,7.542097923,7.923189543,10.16327214,8.290416636,6.801742828,8.621282275666665,10.16239146,6.080137811,6.748031449,9.331020302,8.64551937,10.3396129,8.7862433345,8.544596829,8.442838956500001,7.055856917,9.673017593,8.712489566,6.145365974,7.224524751,7.982220884,9.856002498,7.254246289,6.366582676,7.790617409,7.608370758,7.518610604,8.325261117,8.655117354,9.173766938,7.763346558,7.044220409,7.803867054,7.035852411,7.954949124,7.221212366,8.120754292,6.1756446,7.106742398,6.370342963000001,9.682443425,10.03163836,8.643851553,8.756104002,5.734991523,5.444187835,11.08578128,10.73418041,7.482775096,9.513670766,10.73022872,8.067773492,6.402033145,10.0332521575,6.809262537,7.504866453,11.370509455,6.711811244,5.653644937,6.983025678,9.083363144,9.423881003,7.816519657500001,6.275548619,10.15142854,8.2330030455,11.15049642,6.353158292,8.810951002500001,7.786833273,8.066205635,7.823797868,8.612619914,8.223877347,7.114456285,6.10235326,7.227617868,8.88693313,5.964053159,7.632928652,8.646752331,7.9003384515,6.846606174,6.781003715,7.155487549,6.153993545,7.728649998,8.805208279,8.060621657,7.756698052000001,7.324887308,9.814653627,9.144197172,7.583873449,7.057274949,8.070726641,5.7624134225,7.352459423,8.29994694,5.902422453,10.80804595,6.5507767715,9.490969188,9.507757609,ASD
GSM1033199,6.705392176,7.29333864,6.596086089,7.987928635,6.67012725,6.664878704,7.227100453,10.7659634,5.8632542,7.564116533,6.107192146,6.470618054,7.481923353,7.101630092,8.081060375,9.889790696,8.668251007,5.721662333,8.252430544,10.664404188,8.91575965,11.6208765,11.1888396045,7.522829739,6.183103207,7.639294111,7.841893731,7.890381493,7.687262748,6.758685438,5.577600131,8.016369935,10.42726534,7.540583249,6.913109404,6.742360893,7.17461122,6.195025671,9.534397611,9.652067558,12.72469675,9.72653925,7.6878211865,7.254227404,5.48691356,9.016481399,7.58560593,7.919088979,9.652850334,8.524717866,6.720985956,8.400042690666666,10.03445785,6.237973481,6.799742049,9.0742279,8.42079309,10.37241571,8.6506224615,7.99573354,8.251652338,7.015869479,9.170429981,8.328934414,5.778672617,7.06932878,8.200259242,10.086730499,7.063887131,5.986576123,7.378971694,6.80037609,6.594031758,8.49546343,8.5966645485,8.559747752,7.516651984,6.863378478,7.886665141,7.777756351,7.684920975,7.147882837,7.998285232,6.077606585,7.067893241,6.4185944065000005,9.223560538,10.49458715,8.448568458,8.307413863,5.456832725,5.5836179470000005,10.58969521,11.54411427,7.494546774,9.35982039,10.94804549,8.8002042365,6.132217168,9.6217303255,6.993570022,7.72731786,11.550059605000001,6.821954681,5.850620157,7.319217155,8.732890581,9.398759892,7.537678316,6.905780145,9.137737149,7.829325391999999,10.72505446,6.344172674,8.921388018,7.522513284,7.647947461,7.871506987,9.519553805,8.893494447,6.814831631,5.66300841,7.155970543,7.613141983,5.90943529,6.748260778,8.237834008,7.4107582915,6.362947473,6.717056422,7.324384258,6.719335972,7.822370786,8.291095401,7.080002161,7.815880969,6.213267172,9.391854458,8.979639304,7.263357577,7.100916075,6.580800288000001,6.7037073505,7.715097286,7.320061144,6.94507238,9.897796199,5.9339353599999995,9.412000912,9.563688732,ASD
GSM1033200,6.841310621,7.309079282,6.643575055,7.589332786,7.094584816,6.406707947,7.253485955,10.55522223,5.723969785,7.421714133,6.433031633,6.130650405,7.789741314,7.363244037,8.133254086,9.804254425,8.454837081,5.793989991,8.1890440535,10.571569951499999,9.313428316,11.60597698,10.646506619,7.348069821,6.42158549,7.776247081,7.684329732,7.501706511,7.574745177,7.042114382,5.811389677,7.830903827,10.47410962,7.432111338,6.864879783,6.712876354,7.262720117,6.050237019,8.747535568,9.912239323,12.159419535000001,10.41882081,6.583431281999999,7.11881445,5.786581389,9.008068893,7.199943208,7.944243255,9.376537539,9.112207364,6.359581803,8.512858338333332,9.885708487,5.853892517,6.433586297,9.207577748,8.103037405,9.203201208,8.4401528095,8.059991624,7.822828600999999,6.95419208,9.088860941,7.610072041,6.156513683,7.143234251333333,8.380080197,10.302525515,6.866077612,6.140906301,7.593536111,6.769692323,7.723006864,8.49041383,8.0997093195,9.179801089,7.083443646,6.814608652,7.954949124,7.188042732,7.372515314,7.131398442,7.92290154,6.0739717815,7.404135489,6.9376386839999995,8.488858586,9.865305397,8.547617144,7.914392317,5.276560319,5.831577236999999,11.29631308,11.33102293,7.531774941,9.742768708,10.19398066,9.55406414975,6.014816406,9.4808204445,6.836510362,8.555032971,11.277266834999999,6.782165244,5.804839813,7.829387514,8.167784968,9.083932092,7.2789725789999995,6.279903432,9.1831584145,7.9523569005,10.81211164,6.548616378,8.787695750000001,7.399263164,7.981237056,6.820418009,9.949719044,8.682864836,8.247124513,5.538674744,6.31366369,10.04967598,6.248101362,6.630558017,8.588580824,7.529833030000001,6.000526858,6.91685094,6.990889514,6.944374624,8.11091112,8.105784112,6.458790127,8.081411612,6.37645139,10.98831414,9.237810364,6.685399413,7.51578322,6.7957924515000006,6.483322873,7.142709415,6.992867946,6.724759616,9.847251986,5.8342088185000005,8.640071152,9.150799471,ASD
GSM1033201,6.815733795,7.616535717,6.860709497,7.766649469,7.193517093,6.912146683,7.6984951299999995,10.99291968,5.890679182,7.525858588,6.78756992,6.806382486,7.769280037,7.651905341,8.363415697,9.802783063,8.876254876,5.7633418925,8.29646435625,10.7724459805,9.10873802,11.61843653,10.882342711,7.63032135,6.324877586,8.070499838,7.473375535,7.801722788,7.420859355,7.552211663,5.436122937,8.301299483,10.38072463,7.701350982,6.531973756999999,6.81219342,7.288339115,6.26298958,10.36503234,9.923707184,12.29048828,9.563688732,7.7702551475,6.9300260635,5.994437882,8.773327295,7.573893384,7.930251886,9.994643948,8.805208279,6.521556752,8.371598422,10.33212501,6.238981811,6.70410604,9.270158052,8.683291212,9.817000751,8.537591311,7.878497114,8.022502949,6.913578164,9.450554973,8.404838046,6.193909442,6.725016892,8.342148405,9.948730960999999,7.088372305,6.470067347,7.017559308,6.553737644,7.311864231,8.53733639,8.140827054,9.27073343,7.257465398,6.981843545,8.285660703,7.500443818,7.84560162,7.379555743,8.372318007,5.9691893495,7.178916642,6.97887826,9.367406478,9.713816235,8.605810064,8.765147653,5.170253858,5.7198442415,10.78267325,11.90919149,6.908032337,9.355997291,10.73698659,7.6277665605,6.170153207,9.829665615,6.855604568,8.200623952,11.087171869999999,6.678031251,6.635436628,8.086574381,8.630452123,9.415903962,7.2718342499999995,6.237318343,8.8294261615,7.918874408000001,10.28313337,6.38378255,8.8413192745,7.848012316,7.866679743,7.405203933,9.778532335,9.238963365,7.430985594,5.487548729,7.2091942,9.366193311,5.879055705,6.828278147,7.795140068,7.0038863204999995,6.229799639,6.312507101,7.422282643,6.230297017,7.94556846,8.66085193,6.65972416,7.338005231,6.457045876,10.71261544,10.08629727,6.979145487,7.13820408,6.8091586875,6.442358925,7.311120307,6.991410281,6.97797322,10.59500603,5.776461508000001,9.2098695330000009,9.783747965,ASD
GSM1033202,6.527682366,7.295601785,7.004061472,8.357428838,7.027508013,6.629964881,7.769225015,10.5016021,5.739988541,7.919732986,6.717480783,6.323159923,7.78177983,7.649595024,7.793630675,9.68042059,9.117690565,5.881898143500001,8.0834750395,10.85421534,9.427791078,11.08099958,11.0818330175,7.770471946,6.567382955,8.101461476,7.615957412,8.210350262,7.397678634,7.0812011,5.30033006,8.565346503,10.17756887,7.984946316,7.2433564520000004,7.127286313,7.131107991,6.5133556,9.248571131,9.958166316,12.274494225,10.57120349,7.345447893999999,7.6317893224999995,5.662377228,9.251496039,7.547977751,8.559260986,9.781511991,9.220645465,7.155487549,9.026573771666667,10.20546465,6.394348368,6.929514099,9.40633589,8.631662817,10.11278309,8.759305127,7.526404781,8.0634053085,7.262720117,9.509670867,8.134227152,6.530398923,6.7415238796666666,8.872541119,10.458925305,6.878619353,6.784917791,8.342519347,7.164556346,8.153454567,9.118815228,8.5535417575,10.18531617,6.786036832,7.034195189,8.568092795,7.456909367,7.819994061,7.327859598,8.338415842,6.2373529275,8.196402152,8.0387395505,8.772542182,9.737600199,9.302742875,7.960359576,5.630402963,6.1768134114999995,11.21523106,11.44929625,8.34325568,9.749404455,10.86825103,8.111829928999999,6.198558768,9.776651294,7.530154872,8.749682857,10.881498365,7.916943032,6.550381803,7.946886022,8.160868308,9.101273185,7.825084801999999,6.56004753,9.27641306,8.174570966,10.69976274,7.20870226,9.775515865,7.669866841,8.453305589,7.555072112,8.632374575,8.054082679,7.608100308,5.824816429,7.022844254,9.582213184,7.171484954,7.084699405,8.376256899,7.950853322,6.31872669,5.612591321,7.551570401,7.7096133,8.822944341,8.300991165,6.521201544,6.93989446,5.979993778,10.57004411,10.11373167,7.301535779,8.020852056,6.6475222315,6.934435037,8.464550775,7.702817733,6.968844065,10.11017933,5.632874908,9.500675086,9.205495992,ASD
GSM1033203,6.319571581,7.263717085,7.12631658,8.75054464,7.530154872,6.217561914,7.7690482475,10.74746639,5.822629432,7.914711373,6.646301746,5.725284695,7.368052256,8.011470343,7.533431188,9.641543006,8.969816399,5.910478448999999,7.96612505175,10.870290541,10.19398066,10.49107144,9.633889862,7.769543538,7.557824942,8.075759482,8.368165954,8.066868076,7.073233901,7.128720841,6.400153097,8.049596043,9.841418695,8.235984987,7.4950618125,8.944200041,7.031288435,6.503396062,7.778980027,10.07739847,11.321272212,11.31001845,6.3506534335,9.449234620999999,6.054072748,8.885011341,7.442719156,8.353042247,9.765434027,8.8368184930000009,6.916407833,9.655854896666666,9.17489036,5.936019219,6.47587783,9.909777183,8.580907205,9.515614634,8.7033931605,8.107066073,7.8414256085,6.989423297,9.768466029,7.927660195,7.155011292,7.56019495,8.78682098,10.20392442,6.713553327,6.646083902,7.463137338,8.907191932,7.705720932,9.115422226,8.1670098415,10.4134461,6.148723087,6.911944185,8.651466112,6.315503775,7.645335242,6.801742828,7.899104026,6.896365170499999,8.676670227,8.9656755505,8.753935067,9.10809864,10.13047197,8.033153493,6.675687519,5.971950785500001,12.35917152,10.20069397,9.305817114,9.899470458,10.34606503,10.03542346425,6.083542545,9.552823379,7.764872222,8.509366207,10.464134301,7.777484882,5.991051066,7.709309192,8.919691037,9.085023485,7.975175052999999,6.383602122,10.591616904999999,9.410688499,11.85159477,7.351483758,9.785797308,7.163625411,8.365943132,7.058444406,9.689608431,7.262986846,7.792417455,6.882271774,6.452425933,10.7783375,7.976592339,7.403621958,9.277164275,8.6740086075,7.454005749,5.633376716,7.104188961,8.018007104,10.73949045,7.79035512,7.097301686,7.311398156999999,6.229288229,10.25273718,9.081353337,7.955690113,8.547617144,7.799405248999999,6.756577614499999,9.989531751,9.154712666,7.523085028,10.0415165,6.384732991,8.725020674,9.061852388,Control
GSM1033204,6.615465325,7.465154598,6.90034637,7.907467578,6.833000926,6.411830953,7.713446793499999,10.62499956,5.841777,7.632928652,6.701965944,6.343423005,7.984672018,7.827745116,7.733632015,10.0722432,8.908668476,5.583986314,7.938597677250001,11.039552851,9.294962071,10.77165629,11.0234238235,7.700786626,6.627692627,8.31495169,7.54495781,8.312644942,7.297152498,6.562771682,5.878381278,8.196402152,9.872850475,8.022866184,7.198120084999999,7.535953454,6.895352693,6.544558904,9.633806949,9.888268121,12.69446066,10.23017095,6.925363788,7.7076008945000005,5.534751295,9.172156357,7.71018909,8.241804832,9.916319122,9.001083688,7.014924577,8.767111543,9.785258455,6.297243179,6.873837231,9.580893134,8.62680045,10.17856285,8.754108955,7.537523468,8.1054474365,7.187813821,9.887407067,8.392665828,6.203735807,6.707888153666667,8.978696739,10.136677238,6.96619591,6.532597058,7.312104692,7.660401995,8.007656722,8.648297474,8.5811688105,9.823435625,7.118465524,6.865865072,8.469814338,7.1106004,7.721110755,7.178916642,8.401194868,6.033699630999999,7.194257998,8.021800002,9.181966989,9.720876616,9.776937704,8.125857325,5.493164314,5.3452014395,11.18730661,10.41208953,8.231761394,9.874410345,11.15049642,9.405140863249999,6.340803769,9.7320831985,7.851918729,8.498090257,10.7154930815,7.335912808,5.669209755,7.291748387,8.109245895,9.385832443,7.7748727055,5.814707141,9.2707114005,8.314331359,10.7671649,7.319760046,9.4085220995,7.826273464,7.9634975,7.460681336,9.335835013,8.124498058,7.205583623,6.02612348,7.705720932,9.034322099,6.54436424,6.708573175,8.744054702,7.9519444205,6.927846373,6.16714557,7.556948035,7.531530019,9.645789815,8.685464968,6.10523499,7.005896112,6.23551314,9.972313729,9.375954365,7.2430800575,7.642812223,7.0112894155,6.5893408104999995,7.707259191,7.6414483,7.027971848,10.30949788,6.1144296570000005,9.791302972,9.690227317,Control
GSM1033205,6.764591347,7.371495876,7.101398242,8.169839195,6.926785029,6.583888918,7.675566581,11.09374697,6.185542951,7.776540095,6.698409262,6.130483043,7.840690624,8.132876289,7.925887401,9.838421645,9.564990068,5.7783929315,8.212456430749999,11.216555803999999,9.262397831,11.32345503,11.3837700385,8.183894565,6.809711598,8.846293525,7.46841034,8.166147106,7.439286167,6.833631755,5.539108977,8.788691433,10.12573871,7.980588199,6.8776353445,6.552320002,7.01211148,7.015632705,9.839166777,9.882416219,12.781131985,10.39747399,6.8485809385,6.7380307075,5.632788928,8.969816399,8.101461476,8.614637207,10.73294081,9.006589986,7.208211419,8.649363302333333,10.46843225,6.473339408,7.27790131,9.396181602,8.93747805,10.51564928,9.0744748205,7.686094906,8.4760964875,7.726481378,9.745118646,8.70326785,6.27185606,6.750830328666667,8.800762194,10.183827879999999,7.316752773,6.690809345,7.501460664,6.523442202,7.958116661,9.172646493,8.7314789745,10.19697743,7.558104848,7.330176736,8.724243942,6.977457097,8.535844297,7.708706062,8.579371762,5.8441986759999995,7.698710978,7.448809263999999,9.60131659,10.04597017,9.652850334,8.351080881,5.359551159,5.8777587805,11.05911922,11.50230424,7.699877254,9.496100469,10.80668255,7.9193652740000005,6.680784465,10.48141806,7.302593165,8.653565952,11.195250095,6.956112368,6.10218249,7.308037479,8.349657403,9.638668016,7.8535986585,6.570910848,8.872118909000001,7.9060571435,10.42726534,7.002914073,9.409533782,8.204131121,8.640448839,7.577364422,9.561055643,7.911846216,7.356401037,5.58836057,7.228396513,9.183029489,6.758048896,7.297152498,8.407119967,7.137857228,5.982327026,6.464698135,7.629431997,6.889968719,8.482683572,9.113324533,6.293628634,7.876558114,6.109850587,10.3449355,9.569049807,7.3486805375,7.915671801,6.6285603265,6.3920009140000005,7.574449231,7.138968632,6.726723223,11.14551903,5.6441985875,9.398759892,9.283852984,ASD
GSM1033206,6.452425933,7.418429991,6.613865056,8.189484034,7.098024163,6.020807815,7.200340602499999,10.97175961,5.647857374,7.429606009,6.484497359,6.280560222,7.39264975,7.45907062,7.4905325210000004,9.862203654,7.765451091,5.5919656245,7.8510933055,10.691948957500001,8.964882631,10.64653942,10.4828720805,6.855804701,6.884319073,7.464641204,8.599640023,7.623965145,7.218577975,7.005220687,5.755333532,7.742811761,10.52470751,7.871506987,6.735087921,7.932197948,7.242574481,6.102672013,8.585733182,10.31049003,11.99518952,10.53893314,7.373925258,8.124687115,5.439506237,8.844943906,7.386854422,7.768074513,9.193619212,8.563739082,6.587119343,9.190011198666667,9.342494589,6.0734545109999996,6.275548619,9.302221546,8.338069988,9.000116811,7.8354248815,8.622750006,7.623863633,6.774281227,9.414690843,7.885174748,6.473712119,7.4886808480000004,8.424438323,10.0241503465,7.372025243,6.353340303,7.829997948,7.972449776,7.547740747,8.100836888,7.6323454205,9.595950846,6.668595742,6.44984796,8.298862016,6.36834939,7.185317501,6.584500641,7.938153254,6.683941157,7.043277316,6.8633140065,9.17157391,9.057516814,9.289595182,7.814638168,5.504773684,5.5680470285000006,10.83072184,10.34851078,7.535379835,9.578751618,10.46513555,8.63783888925,5.817064371,8.876172371500001,6.850587807,7.847108225,10.3843302945,6.761716028,6.490692938,8.450299689,8.391896799,8.634036863,8.1810626635,6.208485449,10.547925075,9.3377127515,11.8108517,6.390916507,8.9976412325,7.041849054,7.402773968,7.348326822,10.08432836,8.427091904,8.052727908,5.988944893,6.870456293,11.12691047,6.279252228,7.412391504,9.014445056,8.1821092785,7.043034412,6.343058362,7.124588268,7.110124747,8.552670763,7.749776384,7.655071036,8.008347964999999,7.549044007,10.92427607,8.913365537,7.826493629,7.228683706,8.1069540765,5.8948947205,8.034168502,9.102318386,6.008464395,9.774652874,6.995553513000001,9.223002964,8.731060781,ASD
GSM1033207,6.54436424,7.298951048,6.78999885,7.8778836,6.938159079,6.498918754,7.4352618825,10.8200141,5.707674933,7.581602214,6.377765929,6.12804251,7.783007231,7.361646079,8.131868308,10.17393666,8.819615644,5.6195399105,8.22343565675,10.687496271499999,8.993521292,11.23236219,10.9380099645,7.60668965,6.317199218,8.411694928,7.913166846,8.040035979,7.653399324,6.713326567,5.39512468,8.058704491,10.05318948,7.835205506,6.8110776215,7.169163932,7.180478054,6.3177044,9.655663968,9.739078457,12.28143826,9.934164168,7.613170312499999,7.6021070690000005,5.857865315,8.967226034,7.9634975,8.094918206,10.00985635,9.039051845,6.762837909,8.707085285333333,9.931559102,5.951386883,6.830354749,9.27073343,8.636523965,10.11373167,8.7384153665,7.941119793,8.2080547415,6.887311249,9.225251148,8.252990153,6.080733612,6.588293138,8.459050008,10.40201371,6.934000987,6.535472486,7.647324313,7.321795306,7.994373605,8.749682857,8.4122554285,9.158653658,7.37615861,6.963772343,7.966623122,6.722394798,7.733938077,7.169928983,8.035734535,6.1748031735,7.369883412,7.741736188499999,9.090937638,10.43282046,8.758823451,7.889522681,5.346375891,5.63532962,10.99580252,11.06515997,7.390512628,9.628488533,10.50987218,7.81995978725,6.221181983,9.6495213135,7.148620394,8.49041383,11.70705303,6.721765491,5.640827718,7.352459423,8.395383665,9.480056745,7.5268606325,6.482667489,9.2676003075,7.898581531,10.73563275,6.599710393,8.840058622,7.596423327,8.044667921,7.338883608,9.736910102,7.830312017,7.670481854,5.959590808,6.882271774,10.54122994,6.325776266,6.815516124,8.479940981,7.6779013775000005,6.714916449,6.217561914,7.061942709,7.046856549,8.201007993,8.069180652,6.36796826,7.6349743199999995,6.288504076,10.18159005,9.552532017,6.89923125,7.470408426,6.773690156000001,5.804183132,7.928317585,7.050886868,5.942417227,10.30433971,6.1117512235,9.019473578,9.771682917,ASD
GSM1033208,6.303236581,6.967394656,7.662135108,8.584335974,7.242285157,6.315034986,7.857701123,11.33791116,6.16936936,8.156544745,6.870975431,5.928396875,7.599027815,8.285317388,7.769280037,9.513670766,9.705213406,6.204467467000001,7.82546437425,11.097325415499999,9.782316929,10.99874286,10.727580896,8.375911357,6.849922331,8.430192039,8.048942948,8.080441028,7.078251699,6.837371237,5.827709578,8.6879803,9.987907282,8.124112698,7.132244854,7.768688198,6.78999885,6.517805637,8.692192783,10.15001566,12.54549057,10.49107144,6.919274654500001,8.219389815500001,5.98383243,8.490040063,6.753716715,8.5239620209999991,10.76468842,8.577314272,7.039515993,8.649235541333333,9.938363463,6.362947473,7.11872111,9.164802716,9.204879602,10.44300062,9.0544100915,7.596690069,8.2830646785,7.122772788,9.6102294,8.861660081,6.433784453,6.964351485,7.862703539,9.766002118,7.459844627,6.446183501,6.884763933,7.778079849,7.367558552,8.84223995,8.944507813,10.14219096,6.792672599,7.236473718,8.771535177,6.473712119,8.212640257,7.723006864,8.354529616,6.097799737,7.920733914,7.803650093,9.610914928,9.405723293,9.457614147,8.671728056,5.223770913,6.313179692,11.53159241,10.67958317,8.098518258,9.564990068,10.66520582,9.457817391,6.183260829,10.30119199,7.331745288,8.327803524,10.694292513499999,7.030272404,5.588712484,7.07721893,8.938386731,9.946588425,7.3558615204999995,5.915727878,9.709682166499999,8.3468006915,10.65920275,7.166957862,9.225551571,8.107066073,8.640071152,7.912881682,10.25570302,7.914711373,7.31650046,6.150866725,6.748031449,10.65174328,7.088372305,7.135646567,9.111626733,7.537650831,6.707098033,6.172797861,7.402773968,7.397110379,9.274106906,8.94045138,7.020028005,6.859204347,6.777200839,10.04597017,9.956462725,7.1691954120000005,7.98853715,7.241807921,6.4892787255,7.853158743,7.630037605,7.329656748,10.90167123,5.855111629,9.345965221,8.653114018,Control
GSM1033209,6.30631471,6.814391634,7.611489618,8.312293926,7.280131303,5.74470328,7.79322026,11.51084611,5.962361078,7.960359576,6.958221807,5.962743536,7.300272698,8.0942965,7.721110755,9.277164275,8.981199633,5.6707405904999995,7.666254878,11.0297316845,9.688898825,10.83613535,9.8485975425,8.25506332,7.197905892,8.057386056,8.198816531,8.382011575,6.997413975,6.911009053,5.948893144,8.535844297,9.80575577,8.42519568,7.317837469500001,7.709016471,6.630558017,6.756466113,8.229638647,10.06675452,11.624186548499999,10.38734667,6.756463316,8.041310733,6.258265046,8.562505131,6.535259259,8.509366207,10.55285762,8.744943736,7.166506386,8.890644070666665,9.66825508,5.947673374,7.026775341,9.396874577,9.069899776,10.3013797,8.648224132,7.942019805,8.4357196705,7.434776052,9.758925936,8.965354173,6.608579431,6.435305538,8.088838585,9.635770586,7.564657074,6.29839339,6.308900009,7.783970704,6.882069548,8.935512172,8.2490065675,10.22817938,6.88950488,6.917061826,8.532900709,6.404358576,8.051769872,7.291216961,7.994707795,6.174936231,8.034779298,8.206318664000001,9.95315701,9.092530122,10.02704973,8.995019082,5.200835379,5.316034939,11.70520233,10.66275362,8.198158835,9.247372206,10.29547263,9.276037474,6.880817415,10.016277173999999,7.722065011,8.391896799,10.690709289499999,6.596445218,5.683899927,6.870707588,8.883200519,9.723754992,7.516547409499999,5.672537113,9.4887299995,8.514171339499999,10.73563275,7.155250107,9.448372618,8.183538203,8.240350488,8.005168284,10.05402506,7.789177541,7.694421451,6.011291438,6.87210773,12.04654945,6.517805637,8.040353728,8.800762194,7.706096129,6.506420536,6.201332766,7.009280337,7.50313322,8.965818994,9.131974881,7.382876792,7.012897776,6.884552392,9.97315376,9.848874438,6.848496515000001,8.200623952,7.028031987,6.542143207,8.118400621,7.569057208,7.540859955,10.80276467,5.9131948035,8.872969377,8.559747752,Control
GSM1033211,6.515665785,7.26090376,6.821954681,7.886073412,6.731337119,6.570727195,7.1927309555,10.95546154,6.16050729,7.631165085,6.230783342,6.659933538,7.403052768,7.595273471,7.958116661,9.398759892,8.766744428,5.8763142185,8.195879421,10.819387882000001,8.621968297,11.41987102,11.237049059,7.84676709,6.170319117,8.300298141,7.42033232,7.981892441,7.564397266,6.88410511,5.756047684,8.47637319,10.188229,7.537523468,6.902949468499999,6.435847979,7.256912122,6.462043227,10.36913411,9.20099005,12.872733435,9.684523787,7.752611539,6.817352713,5.749287523,8.70769086,7.620391194,8.180444619,10.09274299,8.448176596,6.910569908,8.509022282,10.34271711,5.820381493,6.99572955,9.189716597,9.030767317,10.34380703,8.9713334275,7.610335601,8.388602353500001,7.284434317,9.448045717,8.538125085,5.805825031,6.965032541333333,8.132876289,9.92634545,6.863628172,6.531014278,7.42443073,6.40921633,7.587069903,8.936016127,8.7166212805,8.844421418,7.474968574,7.217008965,7.701609289,7.434497781,8.066529179,7.508061115,7.797209575,6.0687593305,7.673839662,6.5221450245,9.307015447,10.44300062,8.42789375,8.500840313,5.215025226,5.6525952625,10.77165629,12.67978084,7.149828627,9.329766186,10.41560523,9.415304216,6.456872033,10.120003185,6.73418102,7.896010591,11.279598674999999,6.340964248,6.142419213,7.484430999,8.6004731,9.462119322,7.327532425999999,5.955593488,8.432903304,7.4094208375,10.43499588,6.492021046,8.850783585,7.648485746,8.04262827,8.256094635,9.371768169,8.978696739,7.324384258,5.370245194,6.783868377,8.565346503,5.88862951,6.567786872,8.545310838,6.864597916999999,6.094643686,6.113434488,7.059562295,6.237806237,7.575346828,8.754400261,6.817758704,6.9056459595,6.223176293,9.945729231,9.155796294,7.0796134015000005,6.80684776,6.978179233500001,6.449131092,7.162411427,6.961153709,6.332265275,10.23621953,5.7430547359999995,8.861660081,9.728777473,ASD
GSM1033212,6.926097802,7.163162125,6.945762059,8.088838585,7.162157738,6.364399313,7.724283446499999,11.21917781,6.275711935,7.73592388,6.595250239,5.93553409,7.760007248,7.879999986,8.198816531,9.773220865,9.528448274,5.8698356035,8.4968276145,10.954872501,9.117178233,11.55104471,11.237114429,8.054082679,6.479988089,7.975265226,8.268414093,7.984037936,7.53452559,7.103584551,5.726901596,8.663750408,10.5270919,7.603667038,6.5565970185,6.761035014,7.278665442,6.680591428,10.0620539,10.45271793,12.689055925,9.96577863,6.5504246195,7.0258588765,5.904283184,8.60980205,7.393397173,8.337404725,10.41663775,8.767983423,7.214412957,8.480195375333333,10.37783397,6.121184097,6.969075737,9.397486249,8.821515187,9.836726895,8.855531689,7.865347841,8.336145189,7.589332786,9.535798642,8.492339001,5.993078534,6.898429093,8.561252973,10.041981079500001,7.542941957,6.844248038,7.347525835,6.600511973,8.099439505,9.002071305,8.693213978,9.720181588,6.712442746,7.033211504,8.108186886,7.291216961,8.30570502,7.934055209,8.390718729,5.6980127015,7.825957484,6.923800303,9.503297649,10.24316253,8.648297474,8.508523067,5.078028251,6.024101603,10.82934823,11.25413323,7.215955291,9.375954365,10.38298281,9.05784096275,6.502667734,10.290713605,7.141164131,8.104127699,11.56750524,6.813527217,6.334575661,8.159104979,8.559747752,9.730237021,7.5836722954999995,6.442291355,9.032026435999999,7.994982496,10.46295824,6.721564412,9.127360136,8.280798718,8.48683755,7.783970704,9.61160823,8.252646593,7.287840771,5.539772375,6.590322359,11.51656754,6.10444628,7.509161174,7.998015469,7.068388129500001,6.925900771,6.48964727,7.198182857,6.265662338,8.082075075,8.801641062,6.999776303,7.0769171185,6.500815998,10.93961894,9.204879602,6.6186649985,7.273817715,6.2791748345,6.8007442175,7.318697705,6.769692323,7.142471064,10.84379665,5.7426223489999995,8.958512274,9.741334326,Control
GSM1033213,6.42272504,7.224840132,7.164556346,8.303485277,7.103804181,6.621247845,7.943064373,10.98680556,6.16411948,7.768688198,6.542256294,6.337468999,7.680582685,7.833427838,7.777196396,9.555172624,9.61160823,5.923387357999999,8.016015523,10.965776104,9.289049511,11.14204616,11.3436542315,8.145602104,6.351234894,8.316390736,7.763346558,7.937532551,7.153691285,6.805027084,6.020364636,8.684152999,10.06291444,7.891964125,7.082076592,6.801952626,6.961153709,6.80266634,9.94819062,10.05318948,12.637013515,10.29019545,7.5062158530000005,7.3838814815,6.08306057,8.70372247,7.579583918,8.599640023,10.42625397,8.793481323,7.253519631,8.816910834666666,9.895402473,6.313837156,7.245300675,9.267865335,9.098114507,10.47971456,8.782136597000001,8.135804278,8.4978893355,7.775952501,9.80575577,8.852443227,6.436221872,6.652131487666667,8.410175982,9.9468440025,7.393684429,6.980119472,7.476022338,6.870106079,8.046545563,9.149091033,8.7731400975,10.232067260000001,6.695626155,7.085185406,8.380080197,6.989666104,8.317726418,7.68255082,8.154807299,5.8251913325,8.111614328,7.198002229,9.40633589,9.486196239,9.363001329,8.943603321,5.2856044,6.0246902025,10.96005892,11.40340779,7.460395173,9.428935127,10.71999783,10.2899055665,6.496675722,10.311440395,7.200733773,8.218954988,10.9620055,6.949238165,6.217074412,7.446555142,9.221929525,9.449312185,7.7665740365,6.028215336,9.1283184025,7.5693103355,10.45491744,6.989913586,9.619364914,7.842517975,8.517539838,8.17834395,9.280805158,8.840586951,6.996191539,5.740069058,6.875438558,9.550404406,6.782542614,7.121856919,8.142457143,7.605734571,6.587898027,5.953678914,7.266070784,6.971149948,8.730629394,8.99452134,7.696450827,7.609707131,6.236024896,10.48677,9.202640198,7.3013327925,7.709016471,6.814104592,6.267147518,7.652771432,7.344369218,6.507173047,10.83722772,5.6030291695,9.000116811,9.388074506,ASD
GSM1033214,6.974309049,7.245032611,7.009280337,7.623665874,7.028186177,6.534675984,7.6371305595,11.01212063,5.910718112,7.993153043,6.561990913,6.379721595,7.767805261,8.074456947,8.304566188,9.574461323,9.551149751,5.868758205000001,8.45645997775,10.9158650695,8.632374575,11.71727412,11.4591614835,7.979943697,6.207355085,8.370125562,7.952712632,8.009531842,7.723276496,7.016330001,5.444286665,8.637772182,10.8946043,7.585899204,6.5952465345,6.091685395,7.389466463,6.884763933,10.19096966,9.666757754,12.922025345,9.82592281,7.590072933,5.9994898955,5.784290023,8.674962388,7.052296124,8.607759377,10.41105327,8.68159007,7.140692309,8.041925748,9.468345241,6.44766066,7.318697705,9.130322233,9.10873802,10.34606503,8.836642808,7.908059777,8.510580448,7.78453458,9.647940025,8.505089248,5.673916776,6.656348828,8.293246905,9.945863577499999,7.617957421,6.55336814,7.327279484,5.65138962,7.589924429,8.80434863,8.726236916,9.637940819,6.248101362,7.429078956,8.66085193,7.535379835,8.38424548,7.967834361,8.97119418,5.740648587,7.616240447,6.672832766,9.595950846,10.77422357,8.340930387,8.139151289,4.976646881,6.063606435,10.42520095,11.40340779,6.946415361,9.661870713,11.36638922,8.27258137525,6.442992726,10.446714925,7.124841636,7.859840892,11.795950035,7.185063925,6.581019961,7.658589383,8.280073426,9.543613348,7.3396248775,5.887116538,8.307234185,6.72573811,10.20546465,6.449670235,8.863182995999999,8.387652497,8.701619154,7.525858588,9.582213184,8.651057271,7.574449231,5.406776377,7.356931139,10.16815453,5.850024272,7.310631379,7.492960681,6.5888271375,5.558072478,6.738940511,8.256429692,5.898151655,7.984357333,9.039051845,5.928907247,8.1420441895,6.322849471,10.90605449,8.99011668,6.613886913,7.163395735,6.4106966414999995,6.152899279,7.130847944,6.741683229,6.038239563,10.89750006,5.723496023,9.93917983,10.02422323,ASD
GSM1033215,6.574727917,7.243301062,7.325962036,8.358522013,7.127763167,6.458982415,7.8065782925,11.08578128,6.10218249,7.914091808,6.639856968,6.006256772,7.490781249,8.143822058,7.830903827,9.657011781,9.280805158,5.8107847459999995,8.0867347905,11.178707302,9.346560936,10.93961894,11.24648202,8.290778636,6.763910042,8.200259242,8.136514285,8.302432561,7.282663447,6.83451247,5.551625677,8.729347288,10.53998828,7.9634975,7.2723480925,7.915037024,7.23754311,6.908907189,9.879302575,9.920555936,12.634856075,10.65795845,6.8981445855,8.4087174155,5.862624467,8.958512274,7.498732374,8.593241483,10.21365736,8.70372247,7.482488601,9.017171054666667,10.00440407,6.252378733,7.147658275,9.594507066,9.106469584,10.6188607,9.031709042,8.317404047,8.572141079,7.768979265,9.913838605,8.665402618,6.721359102,7.4703201686666665,8.63613115,10.094658225,7.307433618,7.1106004,7.255433895,8.223519504,7.881483725,9.095876881,8.7808895975,10.28215461,6.757592767,7.356931139,8.801641062,6.129075831,8.38242272,7.50313322,8.264318621,6.36742007,8.527896344,7.3508609695,9.380161623,9.406911574,10.18062367,8.48683755,5.573585796,6.061708268,11.48626096,11.66063101,7.595534262,9.312805062,10.89873708,8.341745204,6.800813059,10.309422535,7.269170774,8.327462057,10.756557635,7.412648238,6.82481539,8.621557439,8.682060778,9.507757609,7.9203933155,6.030788949,9.522687536,8.6669494085,10.80537664,6.96830508,9.0538250305,8.034779298,8.603759634,7.85893993,10.06291444,7.733632015,7.465695412,6.227461476,6.941634519,9.825145832,7.057274949,7.389176104,8.873927179,8.326421112,7.283446518,6.369795916,7.492388225,6.780587084,8.919691037,8.636945366,6.585534857,7.4634741705,6.207984799,11.03554198,9.022048524,7.6553764065,8.002011038,6.9753294025,5.811041591,7.524767246,8.080106178,6.831168527,10.8412934,6.0735030385,9.170429981,8.907666923,ASD
GSM1033216,6.528858639,7.195247843,6.87210773,8.079765593,7.094301635,6.565229132,7.7121101785,10.68335756,5.820765937,7.464034695,6.464493509,6.391452965,7.688721581,7.497711649,7.724765246,9.813206042,8.645146888,5.730082289,8.022508275749999,10.841396020000001,8.705917446,10.70875046,11.044358480500001,7.68347561,6.420123873,7.674751655,8.132876289,7.988870162,7.51829944,6.661171539,5.896111422,8.345558827,10.5777501,8.05085345,6.877395314499999,7.079273118,7.440314116,6.338175034,9.841418695,9.949719044,12.39966116,10.35418626,6.880730355,7.490990672,5.801035949,8.798545064,7.586472464,8.497715325,9.663312666,9.057516814,6.891635001,8.999232214,9.93917983,5.999089657,6.583481253,9.492886952,8.568092795,9.573914188,8.439968272,7.702218009,8.1001026455,7.426822352,9.640870083,8.378535749,6.113758118,6.861417131666666,8.747535568,10.610863835,7.124588268,6.808600077,7.137959537,7.430195597,8.15208191,9.060820234,8.3727454545,10.15182803,6.975527986,6.654035139,8.252646593,7.172854031,7.508900698,7.216466826,8.138839363,6.130814028,8.161582578,7.9033824315,9.211579816,9.670317484,9.938363463,7.975265226,5.389769225,5.8084829675,11.30385681,10.84249131,7.941119793,9.945729231,10.37568928,9.66354257725,6.425468271,9.7737547965,7.241727862,8.741038581,10.961832045000001,7.265042342,5.953678914,8.544596829,8.333791085,9.170953051,7.767769961999999,5.868575176,9.401117611,8.099036506000001,10.96737812,7.023311584,9.69279444,7.162411427,8.450683189,7.418961121,9.427067418,8.185231582,8.401503823,5.780409747,6.716387901,11.36638922,7.185562614,6.971398048,8.599266315,7.825324797,6.454243709,6.15989859,7.137423584,7.56187634,8.449915589,8.19606946,6.401485854,7.5526865894999995,6.122942698,11.74817823,8.511717435,7.228910981,8.227871133,6.616537271,6.8620453365,7.952411123,8.176705799,6.75952596,10.27719071,5.828414007499999,8.996501063,9.469652642,ASD
GSM1033217,6.770085466,7.592118811,6.654035139,7.711661247,7.06341978,6.375218804,7.6638643685000005,10.82666563,5.620426501,7.547174265,6.716596627,6.761251153,7.918778673,7.540310362,7.895713993,9.745118646,8.29849253,5.8079833805,8.0120632035,10.6990400885,9.190890868,11.27581959,11.001079488,7.031505751,6.299563641,7.74807142,7.433988637,7.970309698,7.337501995,6.961603649,5.579826649,7.82269035,10.16054752,7.799566711,6.1836362675,7.387879146,7.269951094,6.199159872,9.833656579,10.22329978,12.31914725,10.16327214,7.2498519605,7.653721625999999,6.071096912,9.023607512,7.339996065,8.063608414,9.234852575,8.907191932,6.716154674,8.832165303333333,9.776190769,6.108920075,6.58019721,9.124013713,8.125519447,9.002564479,8.0174959785,7.639027445,7.6038029655,6.996191539,9.073147454,8.109245895,5.90322682,6.656469567333334,8.510536053,9.928107763,6.539755871,6.253387196,7.097168205,7.364180298,7.932197948,8.230347235,7.7822423975,10.05756643,6.46895432,6.776523277,8.365943132,6.820200242,7.297152498,7.340233254,7.991427079,6.064337049500001,7.122772788,7.25764328,9.000616626,9.749404455,9.206049059,8.000694007,5.187004195,5.9257674184999996,10.82280154,12.03771561,7.381086193,9.54145092,9.724391436,9.2695344445,5.913551171,9.3749288645,7.143944404,8.148100983,10.805946525,6.600511973,5.913674415,7.775003512,8.050522717,8.762479511,7.476109173999999,6.733337906,9.5106743035,8.368152749,10.76065604,6.768010798,8.8213425605,7.658024559,7.645029947,7.139697198,9.842957994,9.3260474,7.662135108,5.935887411,6.544558904,11.0324002,6.470618054,6.766729187,8.634450415,7.6208097939999995,6.151499593,5.940526482,6.890439936,6.91865433,8.552670763,8.138208991,6.348045777,7.7449657495,6.623352578,10.86825103,9.979286588,7.513502308,7.375904218,7.07007915,6.504508781,7.226604757,7.296633525,6.647793027,9.968211518,5.935284995,8.5239620209999991,9.484776122,ASD
GSM1033218,6.224140596,6.889968719,6.749780774,8.442472564,7.514719204,6.445062254,7.7186594205,10.88352214,5.85998551,7.620391194,6.862278159,5.846060355,7.805402064,7.458830975,7.501460664,9.790577069,9.217764752,5.7991076884999995,8.173997996499999,10.710735528499999,9.60131659,11.17105415,10.054681413,7.963213161,6.492399229,8.626377621,7.924253964,7.87492916,7.596152817,6.609749513,6.111033509,8.037712564,10.07312753,7.757358191,7.0666943315,7.377673338,6.661360264,6.052785479,9.051229067,9.784440958,11.7883301825,9.958166316,6.8677262345,7.824613233,6.080873925,8.355637147,6.531208372,8.096622406,9.851046293,8.836349564,6.623148372,8.478134139333333,9.34889606,5.792438865,6.739351876,9.57951019,8.282181071,9.95477957,8.619330866,7.612029589,8.192756265,6.585534857,9.001083688,7.923511173,5.861140852,6.825892588,8.363038208,10.3293906,7.279872604,6.365753951,7.186586753,7.435048103,7.247327048,8.781497231,8.66254584,9.060339515,6.762408831,7.058444406,8.163050545,6.712015027,7.421102486,7.2743365,7.537231364,6.0248456985,7.867573121,7.360581209999999,8.627574458,9.802783063,8.104484389,8.177346821,5.357420164,6.016942014,11.56376247,11.14714356,7.749524589,10.05494441,10.17294556,10.11890853925,6.227743349,9.608422831,6.810786855,8.309696405,11.54106186,6.44766066,5.597525015,7.262184299,8.531847182,9.24923895,7.333968007999999,6.188763058,9.481955515,8.229841105,10.66030111,6.501407298,8.6386931385,7.553663392,7.727566876,7.159523216,9.166528842,8.335259953,7.361097827,5.592816861,6.416456655,11.46951287,6.580592515,6.894608142,8.435722482,7.3679516535,6.623742038,5.39242791,6.80037609,6.591864269,8.091105499,8.077419445,7.222754524,7.253147180499999,6.062270178,9.876858195,10.0052877,7.0421582965,7.306133297,7.252120823,6.251538292999999,7.239094684,7.547174265,7.066431849,9.95559588,5.7111807875,8.767587723,9.133556475,Control
GSM1033219,6.670981955,7.558974264,7.005444446,8.245320867,6.723867656,6.195187505,7.6380945125,10.96469642,5.927081924,7.628310597,6.676536865,6.091969549,7.776894796,7.539697221,7.7353182,9.595950846,8.666920461,5.5387208205,7.9670667900000005,11.065924727999999,9.277164275,10.91029056,11.0501046765,7.76458576,6.554565123,7.758563588,7.809486422,8.210350262,7.436618783,6.729968554,5.399893687,8.518312376,10.32133214,7.971890363,6.8283231475,7.457191559,7.00077373,6.332265275,9.706593788,10.49693806,12.60517523,10.21272876,6.8321214545,7.6331934405,5.780244901,8.905355943,7.560668972,8.192776348,10.02295882,8.548382484,7.020690066,9.071083382666666,9.747977936,6.060376301,6.867935725,9.454420446,8.513996834,9.958166316,8.5210948605,7.43715797,8.2611251185,7.370695108,9.558363347,8.712489566,5.883474943,6.919860618666666,8.586946795,10.24203098,7.279600271,6.702976231,7.300024313,7.421714133,7.519446201,8.728408033,8.73835325,9.978465148,6.936553027,7.140919001,7.858040955,6.212602381,7.962916287,7.086591837,7.993736902,6.2551851385,7.371251326,7.4728269975,9.724391436,9.627801572,9.545015493,8.157992821,5.538734654,5.387517604999999,11.20632065,11.15745549,7.427631548,9.531836409,10.44180606,8.42303414475,6.622939978,9.818153917,7.267333006,8.295111617,11.084139315000002,6.392884918,5.991490348,7.763346558,8.026056235,9.267208296,7.955567731,7.271217612,10.0460227885,8.3817302345,10.98366621,6.811211646,9.076352185000001,7.902160027,7.986744427,7.747130425,9.716057356,8.401838669,8.065234,5.809525895,6.679498907,8.707221172,6.402033145,6.81036737,8.720129487,7.953069549,6.372926959,6.768367912,7.388403961,6.545317818,8.452919899,8.434172082,6.364905243,7.2212986255,6.56759161,10.50277492,10.26384028,7.237648608000001,7.297152498,7.3349379895,6.586366239,7.58560593,8.79477724,6.055546411,10.57529675,6.387731924000001,9.068230091,9.181445438,ASD
GSM1033220,6.486961063,7.010882601,7.07646857,8.398396558,7.375904218,6.286399061,7.691591043499999,10.8875082,5.852797844,7.742473674,6.671602629,6.114234876,7.676833,7.8097561109999996,7.456909367,9.976742809,9.075745667,5.9714066815,7.8305318955,10.897032873,9.189200468,10.58377744,11.1661588885,7.664735853,6.711196339,8.045271321,7.541096911,8.281114721,7.300272698,6.549012419,5.517941365,8.615053487,9.854254696,8.222521825,7.076938787,7.924253964,6.972123877,6.796126222,9.6626105,10.44060741,12.306450009999999,10.75141955,7.1934742105,8.2204173555,5.985283182,9.152523312,7.706961315,8.665069154,9.744368898,9.187578673,7.027296255,9.372558121,10.02422323,6.107928118,6.862462801,9.505823024,8.942639956,9.993857159,8.7514982635,8.101766306,8.242623458499999,7.463460488,9.597270344,8.392665828,6.717876151,6.735990529,9.006084205,10.48017938,7.139697198,6.814831631,7.331745288,8.111223476,8.340553433,8.968787469,8.450849798,10.26996845,6.613204862,6.967394656,8.353423678,7.028672956,7.914091808,7.241005032,8.23252909,6.3117976515,7.801101915,7.463202396,9.257268514,9.524315559,10.06762402,8.077113009,5.664025859,6.2350783535000005,11.27389524,10.83209536,7.876378262,9.589043469,10.54571173,8.44058940775,6.106585477,9.7082628775,7.681711187,8.917707535,10.657935381,7.320812025,5.959451389,7.823233471,8.451055865,9.319554008,8.2119096065,6.055405359,9.9892604965,8.426461467500001,11.27581959,7.447436466,9.904960986999999,7.716878321,8.442137938,7.315746412,9.57173379,7.903152984,6.84942678,6.238449516,6.830354749,8.429428421,7.587672707,6.766729187,8.64551937,8.32091146,6.229799639,6.016582039,7.456017846,7.743124355,9.130896067,8.226768048,7.07347758,6.6369528545000005,6.623352578,10.19604389,9.296302669,7.6136399355,8.283168557,7.4670832035,6.4567938565,8.01050045,8.617903145,6.530607862,10.04503543,6.467851881,9.251496039,9.080399975,ASD
GSM1033221,6.568373679,6.989173765,7.250777301,8.345558827,7.314181781,6.669253086,7.6295711950000005,10.90892633,5.947311121,7.638433455,6.661539986,6.14936663,7.84346689,8.10887239,7.711937014,9.51165725,9.338213132,5.850510304,8.1321917205,11.0101598605,9.312805062,11.09551181,11.273014439499999,8.296185572,6.349962757,8.190601812,7.303122683,8.136164744,7.289111741,6.524946718,5.77491015,8.554264468,10.02159957,7.872442499,6.993154775,7.056108903,6.875617248,6.795064194,10.18246432,10.06571507,12.433396559999998,10.25088918,7.0258429675,7.733389025499999,5.908042589,8.782468031,7.621693984,8.562914908,10.29243422,8.70326785,6.965728578,9.042652993666666,10.11630996,6.123086164,7.115189972,9.434222672,8.78460553,10.34271711,9.0502986155,8.014178117,8.5254234145,7.448782217,9.713083774,8.551839774,6.279414232,7.368247934999999,8.834954805,10.185430655000001,6.964278343,6.664037078,7.43872957,7.309353967,8.041371141,8.902004197,9.0113327,10.12302782,6.797763594,7.031505751,8.290049141,7.904976938,8.031585346,7.420058853,8.157263068,5.9220716289999995,7.856784011,6.927043339,9.366823733,9.575252542,9.33156187,8.208526712,5.297112587,6.067843676500001,11.20459071,11.30597464,7.530400876,9.86697574,10.56085602,8.6314226935,6.59245532,10.228491515,7.758825628,8.336633379,10.946165234999999,7.153691285,6.443353445,7.417651946,8.251612971,9.63310167,7.828082272,6.100051547,9.099362771500001,8.644925401,10.39422101,6.996191539,9.5316320655,7.799020852,8.450683189,7.654530139,9.64365903,8.411338312,7.951714534,5.789220718,7.064665885,8.894838418,6.974309049,7.254491343,8.8368184930000009,7.684247212500001,6.526522936,6.445793994,7.342355029,7.103804181,8.093408226,8.70118568,6.160344155,7.377175447000001,6.245593438,10.2156267,9.710949189,7.4428314385,7.947499963,6.944720298,5.7530395495,7.640217383,7.326230402,7.342547504,10.54467977,5.777378614,9.162140585,9.444884933,ASD
GSM1033222,6.526711417,7.350928601,6.908907189,7.963854139,6.839184472,6.732852539,7.3321547465,10.94804549,6.060950333,7.597815784,6.332431144,6.460928835,7.38477882,7.685793226,7.829387514,9.73393657,8.96097421,5.8014981809999995,8.3356281775,10.7479774805,8.874426439,11.37613494,11.083098339,7.633501496,6.350145254,8.384669841,7.828057583,8.222897429,7.667057507,7.050164229,5.593099397,8.38424548,10.47751846,7.78453458,6.82362505,7.648485746,7.583257487,6.629327501,9.729589592,9.899470458,12.621287474999999,10.32661155,7.5981710505,8.227908255500001,5.991051066,8.760623078,7.299215889,8.175678536,9.834473879,8.471652831,6.953712943,8.736864279,9.347755133,6.053791108,6.853089616,9.099686297,9.066641768,10.26275381,8.9453120255,7.902160027,8.393172544,7.360299632,9.747293351,8.571384309,5.851039255,6.6628493356666665,8.404456535,10.1459604725,7.39211363,6.623148372,7.489223097,7.85893993,7.695324079,9.134114465,8.523302828,9.19776778,6.611185769,7.016850151,7.842517975,7.219533376,7.918489718,7.290701875,7.815293916,6.012538537499999,7.673839662,7.408616087,9.420740083,9.693068996,9.266591656,8.581333225,5.651653222,5.7409864420000005,11.00321691,12.41468426,7.857077186,9.172156357,10.24987183,7.78171966975,6.399517465,9.848056948,7.320812025,8.120373459,11.166073319999999,6.720339847,5.53946897,6.689497957,9.057004274,9.274679651,7.534247417,6.090646275,9.15007008,7.3427032155,10.8200141,6.709222488,9.366636807,7.416853027,8.464162871,7.965133664,9.717409162,9.295665798,6.731975635,6.054822495,6.67675859,9.786829395,6.578242895,7.094838207,8.378883607,7.517240069,6.088829864,6.063005166,7.085931737,6.790212807,7.892284747,8.354166838,6.858028557,7.699637560999999,6.497419832,9.500675086,8.85588912,7.2946364405,7.377146935,6.916289616,6.298871943,7.852835205,7.491589803,6.659933538,10.17756887,5.965902400499999,8.858158516,8.451055865,ASD
GSM1033223,6.756933787,7.457191559,7.128987639,7.925887401,6.891858516,6.348789615,7.483636413999999,10.93025896,6.009404402,7.509720504,6.391810393,6.359398458,7.561566442,7.709935996,8.112284804,9.883305143,9.048068605,5.6861026065,8.0885150025,10.874615095,8.820080429,11.25413323,11.138088313,7.711661247,6.302886253,8.247124513,7.330677273,8.053422494,7.583257487,7.051359659,5.316098248,8.26132883,10.0034624,7.921634939,6.5623116884999995,7.451878173,7.004061472,6.547603086,9.26474186,9.396874577,12.762489550000002,10.27296775,7.518527902999999,7.6574749895,5.701231259,9.100247037,8.059333028,8.112645733,10.25776116,8.812583677,6.901064229,8.812305748333333,10.20730657,6.221359674,6.951880727,9.167656064,8.34325568,9.969066564,8.325011782499999,7.052296124,8.029457193,7.51495219,9.520320228,8.796199151,6.03707278,6.640740447333333,8.44887879,10.1119021025,7.135646567,6.45127423,7.200472202,7.5819096010000004,8.075759482,8.649510731,8.434605831,9.824323213,7.380811037,7.042584318,8.511341662,7.280639001,7.828057583,7.5558855,8.396101116,5.892464244999999,7.912881682,6.9844115955,9.58019678,10.0817293,9.6102294,8.448568458,5.208171743,5.610281648,10.60950978,11.61651821,7.872146867,9.315869311,10.63467141,7.5145090195,6.609749513,10.038749005,7.365696799,8.295111617,11.29210155,6.692845612,5.818036652,6.832565836,8.266496178,9.734692789,7.5163240039999994,5.888957462,8.91375709,7.9131754235,10.70349809,6.919540631,9.3929214855,8.048300529,8.156891397,7.535379835,9.85185341,8.451423881,7.499554497,5.865636321,7.055442271,9.12558952,6.54436424,6.972370254,8.120754292,7.6264743665,6.033213087,6.832348182,7.570261654,6.649223828,9.031263425,8.760623078,6.220168739,7.129508768499999,6.02920016,9.444219515,8.944772312,6.8837800625,7.634342521,6.8457587565,6.3280094904999995,6.61592123,7.429880107,6.779504407,10.6529995,5.90468408,9.264123779,9.317688837,Control
GSM1033224,6.503244533,7.7096133,6.962076789,7.750341556,6.663024303,6.301277691,7.289742598,10.88477944,5.993499628,7.508344278,6.530010773,6.734826448,7.664488953,8.124498058,7.775316267,9.58688893,8.819615644,5.4548092215,8.31360340975,10.8908007495,8.724243942,11.35493041,11.034188131,7.550990562,6.281391934,7.943050081,7.747449115,8.435283588,7.525288663,6.980119472,5.401055061,8.434520623,10.25088918,7.724170706,6.634035943000001,7.298951048,7.135148187,6.864958444,9.3936717,9.698794344,12.615072455,10.01914498,7.661964537999999,7.4129932499999995,5.85998551,8.640448839,7.855596135,8.336633379,10.43171841,8.631283438,7.112336348,8.887512233,10.232067260000001,6.021071696,6.632200759,9.381964922,8.872969377,9.95477957,8.321328286,8.284257663,8.3658299255,7.430195597,9.655663968,8.806175857,5.801035949,6.525631327666667,8.863165304,10.40767258,7.508618228,6.795897006,7.418429991,7.369883412,7.884278118,8.722034676,8.283070223,10.07739847,6.957044896,6.697476654,8.102133719,6.657458071,7.959079147,7.360838671,8.105784112,6.024666519,7.711661247,6.920851332,9.880040804,9.627801572,8.854967414,8.634858812,5.303308571,5.3922225755,10.68215303,11.84335715,6.876780586,9.454420446,10.54791962,7.227977928750001,6.57128388,10.133994195,7.22510557,8.245674885,11.360971370000001,6.659520289,6.242399086,6.860285984,8.810820353,9.150166087,7.680916548500001,6.086209949,9.246679921,7.611040454499999,10.92164431,6.717056422,9.5370570985,7.887279883,8.091105499,7.929287383,9.580893134,8.805709518,6.718900621,5.77643395,6.989423297,9.702998675,6.276403161,7.308037479,7.639294111,7.821689602499999,6.457045876,6.513911092,7.052752807,6.796345872,7.622559739,8.762000688,7.055442271,7.7285970625000004,6.047945606,9.376537539,8.812583677,7.216500187499999,7.810968932,6.7062538505,6.183927484,6.662391211,7.248777148,6.41405092,10.81592773,5.9865255505,8.944772312,9.231233309,ASD
GSM1033225,6.595666116,7.28242489,7.132644604,8.154450569,6.894608142,6.881322071,7.408582129,11.08885986,5.76903748,7.604441572,6.291624347,6.454432296,7.475498948,7.611489618,7.899755035,9.889790696,9.18090488,5.6698150695,8.14714491475,10.765257472,8.822944341,11.4412376,11.1061065825,7.781145446,6.160034225,7.932197948,7.868182718,8.134227152,7.400913503,7.440569438,5.335939725,8.577314272,10.16144074,7.921355804,6.905757358000001,6.666528831,7.149828627,6.21226991,9.742049377,8.515568369,12.405081135,9.978465148,7.6374293085,7.095408315,5.499675372,8.741882922,7.553053345,8.210016891,10.20370193,8.410944664,7.099937189,8.604438503333334,9.560405609,6.05108737,7.014672445,9.33452667,8.807991941,10.14793082,8.734331229,7.512813736,8.399294001000001,7.658589383,9.198308991,8.795686706,6.191479359,6.6644229883333335,8.330101511,10.083557893,7.193001705,6.482449532,7.339465984,6.504506589,7.676522923,8.714604877,8.637263323500001,9.484776122,6.254238776,7.063887131,8.21446426,6.714676738,7.830903827,7.54495781,8.131868308,5.795535098,7.585011139,6.510606973,9.656354193,9.824323213,8.566905689,9.124013713,5.127541574,5.936132827,11.12883087,11.5730312,7.058741527,9.242936115,10.35834315,7.58203410225,6.199632626,9.8629508525,7.078251699,8.117443529,10.958324365,6.732404804,5.782480417,7.779290271,9.51165725,9.615990526,7.566612459,5.984882675,8.814684927,7.4886518035,10.5180074,6.670981955,8.8109155955,7.506432494,7.934964711,7.981538962,9.730237021,8.304933042,7.523381436,5.5620457740000004,6.896446836,8.51593357,6.276563612,6.802850089,8.388351434,7.3743993505,6.11313228,6.357072295,7.151937477,6.145014315,7.722065011,8.610595994,7.232719733,7.1926646089999995,6.442291355,10.57004411,9.811674223,7.3253462805,7.214160242,6.835312622,6.2932034545,6.953958189,7.036311769,5.959957955,10.66520582,5.877653122,8.985701545,9.123537197,ASD
GSM1033227,6.442653014,7.313164536,7.141922071,8.215130062,6.972123877,6.318563364,7.818049133000001,11.1089062,5.964316117,7.984672018,6.581019961,6.26112994,7.340514913,8.069180652,7.256676482,9.499991986,9.332145824,5.978615920999999,8.05446510825,11.0016651385,9.394903059,11.09702611,11.082439763,8.082075075,6.542256294,8.42079309,7.46956862,8.122112888,7.2811407,7.184827072,5.479444932,8.569312069,10.0052877,8.044008266,7.1660391315,7.812821118,7.016576651,6.699225064,9.678826555,10.46513555,12.58375823,10.56546728,7.0918729435,8.315617569,5.787804596,8.839619935,7.750612933,8.615053487,10.26897746,8.720608374,7.16190172,9.251080767333333,9.825145832,6.38614782,7.184148809,9.647940025,9.045986432,10.30622957,8.975122482,7.360578768,8.2730746255,7.272023287,9.801364333,8.915231908,6.355899296,6.997820806,8.459503959,10.2011783465,7.4905325210000004,6.737376088,7.475498948,7.912194373,8.011470343,9.067692753,8.774615238500001,9.854254696,6.94665573,7.218112486,8.370125562,6.510097285,8.203068875,7.396049564,8.23960386,6.365127361,8.324133085,7.0839530765,9.54768374,9.449919242,9.462119322,8.682864836,5.522510076,6.0518989725,11.42373555,11.57519405,7.494014381,9.450554973,10.63581025,8.10768293,6.270535059,10.157764705,7.174840379,8.340553433,10.848850725,7.227389308,6.120911344,8.087830316,8.864057409,9.556503876,7.740927133,7.231400652,9.372550392,8.114653066999999,10.73151313,6.858944422,9.144844496000001,8.271182709,8.332040711,7.811533889,9.863698032,8.133557055,7.089877704,6.180311096,7.132370344,8.473972904,6.907310476,7.16869071,9.08991375,7.838110916,6.59702208,6.479988089,7.402773968,7.244303069,8.164128274,8.762846541,7.000025226,7.631086546000001,6.623742038,10.04773629,9.908049286,7.8002671935,7.612029589,7.288915584,6.3163297985,7.856784011,7.659220413,6.190560324,10.44833455,6.193486458,9.34889606,8.61942173,ASD
GSM1033228,6.666293902,7.243075363,7.176360097,8.180764312,6.675452624,6.272844912,7.6141489655,10.92305008,6.104927123,7.848606315,6.556884999,6.215259041,7.663912938,8.031585346,7.715097286,10.08884594,9.257268514,5.8174245525,8.18307974425,11.1584992715,9.331020302,10.99291968,11.3036166365,8.161218637,6.453902047,8.540053467,8.122450015,8.304566188,7.642556729,6.787779199,5.302941384,8.75054464,10.11821526,8.112645733,6.9501379275,6.588955713,7.074843002,6.988686174,9.43483644,10.14321945,12.924813955000001,10.41560523,7.1369817895,6.869004712500001,5.667251873,8.90483972,7.444051658,8.873927179,10.25669942,8.872053671,7.372787814,8.789943889666667,9.76692642,6.623549346,7.214412957,9.605907707,9.442396954,10.24501781,9.1071307975,7.619824741,8.5201372435,7.867877511,10.07312753,8.81520497,5.989741976,6.646217155666667,8.533611258,9.957933173499999,7.713946611,6.888422607,7.037118111,6.499454838,8.045960576,9.212650549,8.86348126,10.04233523,6.846399478,7.495680001,8.704152835,7.095816634,8.577714434,7.745974153,8.628384779,5.9347985685,8.053778981,7.1716887475,9.497961608,9.775403963,9.470258629,8.7785186,5.357387132,5.903043777,11.34706545,11.22280629,7.274580735,9.340181817,11.08885986,7.73663769425,6.647587557,10.36252742,7.533953067,8.580122592,11.123899155,7.164556346,5.956661788,7.696180368,8.785449254,9.428338686,8.0637885525,6.575582779,8.7576317465,7.3569918009999995,10.59730403,6.799272915,9.372068979000002,8.281846238,8.560911689,7.639294111,9.317688837,8.053422494,7.226084733,5.51383931,7.496197766,7.429078956,6.749988707,7.130627211,8.200623952,7.621583906,5.962493185,7.358463113,7.732709177,7.07171498,7.935609587,9.214967472,7.072456791,7.7619452110000005,6.338015153,9.944897372,9.512368396,7.1670063545,7.875550001,6.433596289,6.3261640539999995,7.506432494,7.326502916,6.222170677,10.42099739,5.61837804,9.795932589,9.062892888,ASD
GSM1033229,6.610282167,7.357723293,6.908245727,8.189484034,7.279354305,6.75580361,7.533504111500001,10.89315249,5.848298391,7.49984917,6.773816697,5.847594143,7.73421049,7.580145222,7.83216654,9.43483644,9.111035086,5.966214022,8.09773350625,10.6598877885,9.026688126,11.27768135,11.2048271455,7.921933342,6.269541502,8.087212122,7.535680026,8.080738921,7.348858836,6.790436996,5.360159972,8.257535103,9.78600212,7.782692506,6.9699518355,7.238346175,6.983693638,6.317531253,9.283258471,9.756740145,12.759248549999999,10.36814165,7.627196659500001,7.809043227,5.976878627,8.580122592,6.713553327,8.437278917,9.97315376,9.021496708,7.06489187,8.560048737,9.83292455,5.932182242,7.038057423,9.137891678,8.601307529,9.972313729,8.6260344465,7.981892441,8.145684388500001,7.317032957,9.321923296,8.295865017,6.188927085,7.178715632333333,8.415066205,10.122328485,7.063160277,6.550200559,6.570093517,7.498482476,7.487811754,8.80306234,8.607809807,9.732506477,6.814608652,6.959439927,8.074456947,7.211229335,7.884590957,7.496425212,8.093684074,5.9596396825,8.14981919,7.648829613,9.206601646,9.689608431,9.259102826,8.240350488,5.443225232,6.1869928335,10.97175961,10.63690041,8.174962421,8.927282465,10.45163644,8.28128430875,6.325035038,9.771658317,7.245032611,8.714604877,10.9450909865,6.992368954,5.960089589,7.904976938,8.016369935,9.33156187,7.267204659,7.016850151,9.279932703,8.359418321,10.62626823,7.135646567,9.571713177,7.622267824,8.188448126,7.398998229,9.462119322,7.847108225,7.522829739,5.828897331,6.800813059,9.26474186,6.805978552,6.763302744,8.911519039,7.613551514499999,6.857336809,6.481707963,6.967615547,7.113327114,8.922208067,8.155154487,6.165663255,7.050900803999999,6.338015153,9.927361308,9.640115389,7.112924602,7.755486138,7.184863395000001,6.5306279155,8.014789658,7.756752517,6.533325085,10.21754751,5.899126765,9.069377103,9.54915223,ASD
GSM1033230,6.749780774,7.581602214,7.163859324,8.263934497,6.572291042,6.74712675,7.832301937,11.01360199,5.98383243,7.536188745,6.498738956,5.929526529,7.6420236,7.965408589,7.863606997,9.816211798,9.326648485,5.6344165645,8.19654191875,11.173827954,9.052762686,10.92427607,11.185666033,8.330101511,6.433986614,8.263210613,7.987634336,8.245674885,7.312622177,6.774281227,5.528108901,8.593656991,10.09644537,8.01542911,6.8104161405,7.269170774,7.37615861,6.732404804,9.490969188,9.783747965,12.692826714999999,10.36281341,7.445401003500001,7.8550284565,5.592499214,8.632009903,7.551864527,8.806175857,10.43282046,8.874912357,7.221686049,8.947495160666666,10.20546465,6.200223854,7.098537797,9.495380541,8.859649111,10.36814165,8.8523574565,8.061940664,8.55567388,7.784823579,10.13440125,8.960489495,6.291931576,6.957355462,9.013892187,10.331395875,7.177097805,6.883394464,7.352459423,7.396049564,8.252646593,9.162140585,8.753515008499999,10.55144853,6.664669545,7.451043879,8.138526082,6.871639786,8.617111625,7.526143744,8.071838891,6.066600211,8.475235899,7.64297262,9.564990068,9.490398219,9.755199617,8.224960626,5.488811159,5.497083478,11.15404767,10.63346925,7.924960058,9.599399707,10.32343186,8.243167606750001,6.882069548,10.367047355,7.45907062,8.870645279,11.231497430000001,6.695175954,5.862715822,8.072167003,8.42789375,9.770023428,7.9317367585,6.77886101,9.398432327999998,8.3032536945,10.83209536,7.158278249,9.8906991975,7.996708218,8.516326382,7.715424285,9.2098695330000009,7.886665141,7.589644635,5.914749474,6.811000774,8.204437531,7.016330001,7.185785263,8.710259852,7.7303147295,6.877484906,6.312338267,7.313937584,7.148872421,8.737980468,8.85588912,6.295361272,6.919573815,6.024020887,10.27719071,9.78299777,7.1953466415000005,8.000694007,6.961931025,6.2621007495,8.062615632,7.645939073,6.673734393,11.11212916,5.6943449185,9.117690565,9.723754992,ASD
GSM1033231,6.662205565,7.289377889,6.774281227,7.863606997,7.064399827,6.550991989,7.4307113545,10.98511337,5.740142896,7.524467224,6.681456742,6.07999548,7.55926151,7.538848338,7.823233471,9.932395756,8.756502918,5.778352248999999,8.0914096855,10.6937349165,9.062892888,11.38957825,11.147435562,7.420585114,6.326669074,8.111958167,7.381870639,8.116459628,7.485818822,6.953712943,5.847005753,8.085896722,10.07563625,7.96070996,6.49133866,7.027745669,7.050886868,6.324153378,9.511005699,10.14517372,12.55527318,9.891428348,6.980679985,7.2904775685,5.993635558,8.919186331,7.293629272,8.14148214,9.747293351,8.920228726,6.774949692,8.656136897333333,9.858194313,6.218868232,6.784520166,9.17157391,8.40792099,9.467714928,8.55206774,7.639294111,7.857383337,7.147882837,9.198891917,8.139496694,6.176788769,6.65334898,8.493138728,10.046881227,7.1106004,6.390571406,6.995478606,7.162902072,7.891964125,8.796199151,8.455865839,9.502641649,6.791994627,6.835838344,8.120754292,7.264214983,7.689323191,7.528799059,8.034168502,5.9531523485,7.304764209,6.998891057,9.007075728,9.901808826,8.816975753,8.292524152,5.081225668,5.9655762575,11.21174308,11.25926221,7.894774994,9.512368396,10.29656057,9.64064191475,6.224284096,9.788023577499999,7.281411924,8.632009903,11.16178709,7.026004651,6.235041226,7.489735928,8.241804832,9.086665083,7.5343481615000005,6.388226097,8.8329639905,7.78994998,10.62269705,6.715489061,9.306841873500002,7.831188619,8.105089723,7.430438236,9.917172656,7.92043007,7.599296852,5.567957894,6.785130702,9.144197172,6.79131863,7.276855255,8.620244791,6.803338967,7.072456791,6.231586909,7.270213831,6.589312138,8.383153191,8.035124729,6.805769098,7.4256788385,5.956134972,10.20370193,9.640870083,7.1850869809999995,7.610335601,6.8155296565,6.9648663299999996,7.686094906,7.409481432,6.900139538,10.00800106,5.5987257765,9.010851578,9.461566268,ASD
GSM1033232,6.685233025,7.089099247,6.701965944,7.910222198,7.011126054,6.565984936,7.509736479499999,10.90297013,5.785731951,7.5819096010000004,6.247772964,5.96119,7.481141936,7.390214043,8.216219605,9.925188627,8.936983507,5.788433804,8.22885817125,10.841552908,8.97359352,11.47762728,11.4096142025,7.70816726,6.184591739,8.168123426,7.82088521,8.195354786,7.523381436,6.980119472,5.729722498,8.263210613,10.19982629,7.828738329,6.6075507745,6.38805211,7.271776296,6.277946123,9.847251986,9.413352405,12.750869005,10.06291444,7.2600237535000005,6.5992429645,5.625390675,8.667844393,7.479045059,7.86207792,10.02338088,9.079510479,6.970704593,8.619152859666666,10.29656057,6.03380919,7.076954895,9.186473033,8.384669841,9.879302575,8.536154171,7.427110877,8.055828174,7.274822877,9.408151328,8.30570502,6.03736324,6.730530424333334,8.534378213,9.966047679999999,7.033956813,6.30076192,7.514436665,6.374504564,8.165775823,8.93747805,8.512200399,9.229548149,7.341527266,7.335645091,8.11091112,7.055161707,7.702515754,7.454005749,8.129539348,6.087620107499999,7.170713341,7.28959985,8.931196374,10.08087619,8.929223071,8.138839363,5.333096275,5.785781633,10.80276467,10.86958631,7.306388318,9.651327013,10.32661155,9.2173464305,6.368749354,9.928753129,6.963050819,8.642215194,11.613213115,6.784917791,5.96678443,7.865696523,7.969073494,9.386958442,7.5341001445,6.35846224,8.881280714999999,8.0034881405,10.48886699,6.533535022,9.1159113705,7.904052819,5.295606095,7.415307695,9.818683125,7.646514797,7.377943578,5.526968601,6.56296129,8.84105031,6.317344463,6.764802637,8.190956381,7.348730925,6.271195499,6.743080214,7.070711355,6.375584624,8.99452134,8.753534165,6.31616792,7.056479807500001,6.366927147,10.04316277,9.331020302,6.8106314645,7.293629272,6.6916638715,5.72008457,7.069979496,7.118960373,6.126232145,10.53547869,5.6472584585,8.922719622,9.809483708,ASD
GSM1033233,6.430505486,7.327279484,7.003819914,8.400000303,7.507776852,6.19741272,7.6501018819999995,11.00016243,5.927575922,7.635815677,6.828491703,5.632830457,8.000019718,7.476289971,7.707857774,9.756740145,8.841465529,5.825571998,7.8703763975,10.9424345175,9.138511513,10.69324256,10.964336196,7.717511917,6.182131322,7.931537075,7.326230402,8.114001656,7.22510557,6.501217446,5.397234386,8.115789066,9.923707184,7.891628131,6.5767110065,7.411867095,6.884763933,6.067172076,9.378415305,10.01314287,12.346829825,9.909777183,7.076702331,7.659525211,6.074217377,8.813426535,7.761834775,8.313788281,9.749404455,8.520615142,6.94281086,8.879250921333334,10.34969132,5.894986266,6.805769098,9.40757995,8.408259126,9.554444959,8.426841796,6.853983466,7.686704481,7.213168217,9.335159497,8.324133085,6.057332108,6.669032562666667,8.690488196,10.26849501,6.976755905,6.197895541,7.47735327,7.311357954,8.082778165,8.615880555,8.3071429825,10.01576676,7.089643632,7.121345008,8.199864398,6.892986539,7.625980477,7.46725528,8.083850576,6.3685334435000005,7.535953454,7.435324362999999,9.073147454,9.758139207,9.551809046,8.120373459,5.259251163,6.0330299795,10.91171211,11.41338912,7.6133923,9.607383709,10.08531366,8.7535565435,6.327013088,9.808126872999999,7.377413351,8.446638798,10.99642111,6.965728578,5.78342996,7.627134481,8.242810949,9.333930797,7.708308897,7.246046547,9.41083851,8.2232812515,10.81592773,7.069071775,9.269341167,8.128820609,7.854980708,7.175872367,9.327888408,7.560668972,7.389746035,5.736844155,6.760638992,11.44929625,7.156224539,6.56636403,8.359966335,7.860776703,6.655841169,5.715905771,7.033956813,7.223282401,8.552670763,8.04262827,6.318381414,8.422025597,6.214565807,10.77289553,9.666757754,7.187401494,7.526143744,6.8681418395,6.543597369,7.648772678,7.645029947,6.689708114,10.21171632,6.059927693000001,8.850514905,9.162678161,ASD
GSM1033234,7.002684492,7.357180163,6.301277691,7.494294159,6.085201464,7.033712984,7.9007510110000005,10.9203093,5.522481942,7.670742582,6.635022836,6.803514297,8.172601777,7.341527266,8.087525127,10.14040003,7.443251844,5.8073707635,7.8219618585,10.581427927,8.335990332,11.40759651,10.8465372535,6.596839317,6.152734612,7.669331734,7.561566442,7.412391504,7.408159787,7.921933342,5.277377185,7.837025485,10.81069647,7.398257347,6.349628399,6.21242681,6.756709671,6.136278314,9.519553805,9.34194876,12.697210655,9.678069795,7.970619752999999,6.3671387635,5.554044809,9.169297592,7.545987103,7.66358841,8.520956759,9.275306987,6.720160983,8.042977985,9.920555936,6.501891817,6.719132429,7.958800926,7.84346689,9.210468921,7.892425938000001,6.975063562,7.2783856060000005,6.644628903,8.927282465,7.777196396,5.277360908,6.332893661,7.938807856,9.482887576500001,7.118960373,5.693466804,8.316390736,6.684144996,7.695901478,7.265777055,7.981452117,9.483393101,7.055442271,6.15541449,8.923674803,7.598081764,6.714916449,6.777417525,8.960489495,5.5921811475,6.164747585,6.5132501485,8.776033191,10.42836521,8.17330393,9.014987435,4.909019825,5.3507397875,10.05936311,10.73832143,7.722666656,9.755199617,11.03707143,8.9832577685,5.713783522,8.499263490499999,7.788615509,7.451320603,11.444022395000001,7.730668991,7.842864163,8.822012339,8.648724929,8.284257663,7.5314972175,6.001037682,8.506165660499999,7.715701672,9.702998675,6.474898078,8.5480238005,7.710748848,7.231647422,7.528237461,10.17952918,8.06822691,7.80657285,5.492048038,7.351730954,8.7513803,6.111033509,7.300477862,8.442472564,6.933091611,6.31366369,7.09630591,8.057725711,5.920321798,8.402220214,9.688898825,6.878173273,7.4814793360000005,7.208460079,10.67958317,10.12760582,6.634104235000001,6.469684534,6.7295991829999995,5.7943007645,6.96830508,6.262484918,6.532597058,9.595950846,6.314521227,10.16327214,9.529894363,ASD
GSM1033235,6.516811558,7.080002161,6.698615229,8.26245896,7.473061996,6.208974014,7.7472118575,10.83613535,5.7439839600000004,7.570261654,6.749988707,5.850024272,7.649036153,7.416332334,7.579583918,9.934164168,8.205783238,6.28812954,7.90423834325,10.63595609,9.134711043,11.13190334,10.383640061,6.900813495,6.999102544,8.194627124,7.943943179,7.563249351,7.212921389,6.968057954,5.781279237,8.157992821,9.860647261,8.007320835,7.0754956159999995,8.107794901,6.559043956,6.373300843,9.101273185,10.10541314,11.997576485,10.81338458,6.719996151,8.458623613,5.651232816,8.891083718,7.359818066,7.982517519,9.033728416,8.943603321,6.99426071,9.273334776666667,9.491611729,6.587688072,6.600318927,9.100247037,8.539257778,9.444219515,8.274008547,8.602519497,7.9549712295,7.16940676,9.069899776,7.805702114,6.450606103,7.637672723666666,8.243506803,9.741704035000001,7.28242489,5.968882176,7.867001748,8.231761394,7.854980708,8.268414093,8.2879526985,9.370482427,6.143623565,6.265005953,9.004546742,6.372529493,7.030272404,6.857541394,8.7785186,6.8909344165,7.67563251,7.945874124,8.764313126,10.09274299,9.455062572,8.133254086,5.996515378,6.194108052000001,11.10200721,10.67958317,8.814308476,9.436271734,11.4675636,9.5658224895,5.76584962,8.8278902405,7.525858588,7.475498948,11.437471405,7.90151349,5.597477762,6.671432868,7.982220884,8.375481359,7.856006337,5.892837898,10.520271205,8.875858779,11.38957825,6.810786855,8.967261255499999,7.541865733,7.974296355,7.325962036,11.12691047,7.492679318,7.225359145,6.171158161,7.208460079,10.16714438,6.743927003,7.186586753,9.181445438,7.984137285,7.034195189,5.489514697,7.986461138,7.806857762,9.919649126,8.288149871,6.801042357,7.121585353,8.133893071,9.490969188,9.845059252,7.837169169499999,7.522213326,7.907450351,7.127069148,8.932573014,8.704601637,6.892753368,9.735510302,6.555375428,9.990467415,8.813002994,Control
GSM1033236,7.126796815,7.254246289,6.646301746,7.313448353,6.78296836,6.959439927,7.8469932525,10.9172283,5.975180382,7.854346862,6.855604568,6.402585862,8.041671316,8.188766201,8.28494839,9.863698032,9.377719185,5.9635857665,8.02358691275,10.957068822,8.168795251,11.81316422,11.468683522,7.449034522,6.493736003,8.488858586,7.009280337,7.757946812,7.94518657,7.295601785,5.379618056,8.527487279,10.43395214,7.569962952,6.6418809855,6.271342495,7.007623286,6.830844039,9.790577069,9.799856386,13.04789744,9.925188627,7.435154964500001,5.786811347,5.961722458,9.004546742,7.650504248,8.615053487,10.19982629,9.274679651,7.236010275,8.023491085333333,10.41769936,6.595043191,7.544100743,8.207488655,8.322640455,10.483048,8.9575909095,7.639027445,8.3234748255,7.743124355,9.389373955,8.206844679,5.814336717,6.500048827666666,8.113681016,9.720421789500001,7.578208624,5.601605189,7.928655509,6.209937205,8.1064102,7.920733914,8.9911380465,9.420740083,6.791084851,7.034412152,8.501609949,6.588955713,8.358862594,7.626567615,8.809423987,5.449907083,6.638827423,6.4166879415,9.068230091,10.54354674,8.246766143,8.616318536,4.967776765,5.8817468235,10.11278309,11.24312826,7.560668972,9.516250295,11.45500927,7.62588804775,6.198558768,10.026056242,7.411564383,7.559544692,11.798353405,7.418429991,6.329458874,7.128255296,8.312644942,9.289049511,7.456170787,5.877929127,8.291228731,7.6540709295,10.03898903,6.542830024,8.634452344,9.038465348,8.69534071,7.519993997,10.76865421,7.676211561,7.77165397,5.312210135,7.601209798,9.373476267,5.628861494,7.115189972,8.441805963,6.334101183,6.393067664,7.104811726,8.202055022,5.808484622,8.208183334,9.883305143,6.19358861,7.495144749,7.025006388,10.21657259,10.24010371,6.4990149195,7.006674361,6.2753868184999995,5.9115814625,6.71011354,6.25677505,6.684804044,10.60367364,5.624933769,9.925939471,9.54768374,ASD
GSM1033237,6.885007129,7.219293841,7.109609556,7.948080412,7.094584816,6.876780586,8.4344919125,10.84249131,5.632500544,7.843735178,7.094073005,6.013737469,8.123740862,7.264473377,7.757656628,10.22725436,8.556521315,6.247268859,7.497285240749999,10.980093741500001,8.282181071,10.57389922,10.75607811,7.049670951,6.606960274,7.684329732,7.580424814,7.430438236,6.965229594,7.770796859,5.402026675,7.882387133,10.07739847,8.019561149,6.6746702995,8.568926516,6.113434488,6.669906311,9.094218399,9.391854458,12.120518754999999,10.7101082,7.9081522205,8.3995706035,5.708376275,9.505823024,8.351080881,8.303837563,8.989166334,9.618770735,7.061942709,9.518098123666666,10.457296,6.795064194,7.628855106,8.093986441,8.016369935,9.880878113,8.202419968,7.631469595,7.2867709750000005,7.293087929,9.250385372,8.226768048,6.347297837,7.075156989333333,8.05085345,9.643003326,6.619845911,5.654469499,7.584119008,8.966288726,8.741038581,7.488105583,8.2864348605,10.49803191,6.784728955,6.209281744,10.08432836,6.243383407,7.15721167,7.241976655,9.308044136,6.310166749,7.106037531,6.9506034329999995,9.322414839,9.304595131,10.272055719999999,8.273767,5.405105795,5.90378366,10.11459454,10.7783375,9.226764947,9.836726895,11.31774945,7.73637189425,5.708121423,9.048068394000001,8.433358321,7.920733914,10.658579765,8.847731931,6.945302932,7.632672824,7.669866841,8.717045037,8.078397775,6.024871045,9.719343391999999,8.867036242000001,10.52024793,7.540583249,8.961028006500001,8.216594873,8.154450569,7.484718904,9.325494114,6.736325133,7.867877511,7.204792572,7.42596897,9.555172624,6.853326474,6.654834643,9.01746375,8.0194455475,7.214412957,7.124588268,8.564166149,7.591033319,11.77554797,9.143662352,5.293311702,7.8806248375,6.863881414,10.24689004,9.969812528,7.727941826,7.359570502,6.853587237499999,7.775887136,8.266496178,7.491589803,5.899159616,10.02523278,6.4690367855,9.992878563,8.72800436,ASD
GSM1033238,6.900139538,7.297420689,6.671791414,8.259012968,6.651522347,6.873565355,7.910017679500001,10.49579401,5.673326701,7.435817217,6.847245107,6.225120943,8.306468913,7.280859413,7.952058388,10.34969132,8.324133085,5.920827751,7.65662081475,10.795766269,8.555032971,10.98831414,10.867653685,6.940715631,6.387727379,7.664488953,7.417912818,7.694718411,7.277331117,7.577364422,5.26419414,7.55926151,10.10449022,7.726481378,6.426113338,8.169839195,6.19229508,6.587317008,9.256042918,9.281391263,12.033747177999999,10.28313337,7.905707984499999,8.1754833145,5.501555187,9.140796035,8.722884259,8.020217516,9.442396954,9.467084512,6.747813561,9.495327886,10.74490063,6.46730169,7.29412934,8.436832,7.58846603,9.693068996,8.026666608,7.321795306,7.3439344325,7.010631768,9.165410361,8.132224605,6.026392581,6.8078317193333335,8.292891863,9.8713228465,6.497636797,5.676055431,7.458048379,8.682864836,8.351490466,7.737396595,7.9878259620000005,10.01407266,7.689032478,6.137008934,9.283258471,6.685233025,6.953446713,7.194964317,8.707221172,6.249884122999999,6.72116617,7.2795037805,8.876254876,9.752953497,9.879302575,7.978897509,5.532275828,5.820228191,10.27388201,10.88098095,9.202640198,9.801364333,10.74088436,7.7432410452500005,5.941413862,9.2232606925,7.377673338,7.870021424,11.034712875,8.31157968,6.70216191,7.905278031,7.625378542,8.824745095,8.0533976075000009,6.117404848,10.056380065,8.550236184500001,10.84379665,7.130847944,9.1900255955,7.97922288,7.874607007,7.225359145,8.935512172,7.080678871,7.896010591,6.943269926,7.153948363,9.717409162,7.026524179,6.377765929,8.846293525,8.3669832755,6.886902085,7.214412957,7.90658059,7.512553632,10.93185413,8.647124866,5.427833249,7.7913821865,6.919759185,10.46620035,9.640115389,7.831530595,7.379270469,6.821930311499999,7.425514395,8.307413863,7.6369916,6.028342098,10.15387342,6.2830066235,9.526374994,9.20208582,ASD
GSM1033239,6.762616714,7.474695557,6.697945033,7.656879954,6.650720945,6.573907357,7.1848311365,10.80537664,5.841461858,7.444880888,6.380079401,6.293264388,7.934964711,7.578208624,8.136164744,9.85185341,8.857207658,5.499129085,8.1945499495,10.766676328,8.745848569,11.43298373,11.140995634500001,7.649918553,6.466582367,7.714845139,7.126567206,7.999379007,7.609248032,7.357456465,5.41290468,7.934055209,10.3396129,7.752847709,6.4430885875,6.753510399,7.170440498,6.526001699,9.626343999,9.97315376,12.537764110000001,9.854254696,7.699372521500001,7.001238738,5.690827165,8.828584481,7.448782217,7.996708218,10.11821526,8.908194684,6.929275227,8.365298534999999,10.15575087,5.840884865,7.083190982,8.943603321,8.368954547,10.06291444,8.418743765,7.66820176,8.0057012495,7.343333645,9.518309003,8.401503823,6.134671864,6.4007523866666665,8.644729944,10.410781095,6.947122276,6.286139002,7.440833565,6.730614474,7.198438557,8.600059033,8.1710148955,9.141370084,7.396586048,7.214723212,7.898190746,7.629752176,7.784823579,7.272023287,7.876094409,5.949287927,7.366206788,6.6242208730000005,9.433486743,10.18710067,8.774196826,7.950507612,5.104444236,5.529927671499999,10.44729214,11.70774397,7.306633356,9.655663968,9.94819062,7.82327723325,6.391452965,9.90151827,7.070969277,8.778882905,11.399375585,6.456291419,5.992402041,7.478496399,7.872746197,9.70791862,7.5201401235,7.28628998,8.831301688,7.5499076875,10.60477871,6.565229132,9.195758074499999,7.775952501,7.913784207,7.407618758,9.273516122,8.651057271,7.404948775,5.701487876,6.567987885,9.463362274,5.98154282,7.056625174,8.487666329,6.704893544,6.2402611630000004,6.849654724,6.768791666,6.538597968,7.733632015,8.491609679,6.431019157,7.5155079795,6.524181495,10.56310792,9.599399707,6.9233416465,7.413471511,6.6317479084999995,5.8752979624999995,7.604178148,6.944138035,6.262168612,10.64923317,5.753765475,8.573725202,9.949037833,ASD
GSM1033240,6.740047358,7.168950476,7.181278385,8.351490466,7.665884771,6.417784305,7.73634133,11.27581959,5.861559888,7.790617409,7.020444241,6.164598703,7.751994534,8.255756729,7.798166109,9.238963365,9.52360774,6.445163924,7.7887573375,10.9412190635,9.192593476,11.23751063,11.5502640035,8.120373459,6.868160777,8.243833013,7.169163932,8.079765593,7.099713368,6.998167265,5.472307435,8.578918302,9.776190769,7.813722154,6.7475899215,7.253519631,6.482254785,6.467103459,9.325494114,10.15001566,12.96531086,10.29464212,7.4688504235,7.419548171500001,6.691218618,8.751788063,6.58308713,8.423413403,10.51224398,8.903939326,7.521667152,8.705162900333333,9.697277207,6.424016284,7.527714771,9.196070542,8.983572463,10.37030783,9.0763575995,8.144872918,8.274773726,7.493736589,9.458907607,8.452919899,6.220825709,6.860772375333333,7.97922288,9.5629452095,7.145492652,6.281555461,6.42384505,7.260616085,7.06170785,8.781497231,8.963142491500001,9.807946176,6.654220273,6.973801856,8.424838721,7.037830047,8.164128274,7.999379007,8.448568458,5.9997346805,7.680044288,7.168014587,9.462119322,9.810198251,8.762000688,8.846769193,5.178991818,6.644732082499999,10.84379665,11.77809086,7.805989486,8.921724855,10.73832143,8.1390547715,6.102672013,10.328982975,7.342547504,8.208526712,10.669378975,7.052296124,6.537458156,7.348069821,8.649510731,9.582949333,7.082103935499999,6.466769358,8.9951499025,8.062350276,10.54354674,7.170440498,8.931214595,8.339090838,8.341318519,7.774706095,10.17189655,8.196402152,7.675067928,5.42753795,6.561223413,10.22231357,6.531613873,6.532597058,8.903024982,7.05649037,6.212133671,6.215259041,7.518046858,6.564806518,8.517103039,8.66651386,6.444670016,7.973105347000001,6.056249961,10.45491744,9.529894363,7.0015306945,7.220264991,7.2410938665,6.727941304,7.097301686,7.553663392,6.931142693,10.87106745,6.013466384,9.120476529,9.170429981,ASD
GSM1033241,6.511617174,7.269951094,6.884658162,8.028364935,7.03222087,6.509908224,7.5161101624999995,10.95136711,5.909885562,7.642556729,6.838060414,6.273166304,7.833999251,7.582175975,7.716878321,9.78827673,8.874426439,5.7688553225,8.10882402625,10.659037397999999,9.010851578,11.37412106,11.363518831499999,7.578746591,6.663612148,8.029262439,7.386013495,7.865060681,7.550990562,6.88950488,5.489729591,8.122450015,9.988622293,7.497435367,6.6698263475,7.234992012,6.959199897,6.497636797,10.20069397,9.94002589,12.871489725,10.09739721,7.400889395,7.4931633170000005,5.885160473,8.745391556,7.707857774,8.264663764,10.00614481,8.984067811,6.915962954,8.586392189,10.18246432,6.142419213,6.945530901,9.021013165,8.525870914,9.696582081,8.7000891295,8.037069984,8.063513049,7.18972095,9.280805158,8.327090716,6.127884776,6.799411738,8.447833016,10.0387802875,6.991646938,6.256466119,7.187072016,7.145256741,7.872746197,8.559260986,8.347763207,9.332760377,6.860950077,6.937906442,8.195703519,6.887311249,7.711661247,7.513913335,8.159462767,5.988821923,7.25281657,7.238273202,8.936540286,9.728016152,8.708639306,8.317726418,5.184437735,5.9275234195,10.66900311,11.74323355,7.793976284,9.503964803,10.18062367,8.25306091725,6.424918677,9.7766213335,7.199465473,8.17330393,10.99003415,6.583481253,6.462700782,7.60668965,8.466741034,9.296302669,7.311896233000001,6.293773053,9.075631134999998,8.1197203025,10.56648512,6.732852539,8.8346797635,7.789428358,8.019561149,7.595273471,10.09274299,8.187368504,7.803553908,5.669616597,6.645049225,9.539299864,6.22383008,6.642167867,8.705061884,7.174728432,6.237318343,6.324349044,7.036311769,6.659933538,8.574935194,8.263563769,6.535472486,7.829091640500001,6.113007723,10.66388784,9.391854458,7.071866269999999,7.294792063,7.0296988835,6.5867040835,7.315746412,7.479315352,6.89207108,10.37883268,6.102775947,8.796629943,9.308044136,ASD
GSM1033242,6.434682601,7.238066792,7.413185492,7.930251886,7.224314911,6.564193345,7.7281397775,11.31001845,6.223176293,7.86207792,6.730614474,5.920832829,7.559544692,8.23747999,8.065234,9.283852984,9.912239323,6.307195303,7.81392567625,10.77703592,9.064917897,11.49574734,11.4463424185,8.177346821,6.334739829,8.273767,7.576489056,8.394982969,7.169677492,6.703853774,5.530082214,8.724243942,9.68174796,7.651905341,6.631597671,7.190463537,6.811972509,6.405456157,9.213233182,10.32770213,12.681024015,10.15575087,7.6513492124999996,7.5283121315,6.385590725,8.265007496,6.723434512,8.462259058,10.94252793,8.455205445,7.237024905,8.461013609666667,9.695830915,6.003389185,7.469300911,9.291455843,8.882664657,10.49803191,9.09744819,7.513648029,8.3476571805,7.440078992,9.484776122,8.723310278,6.051220389,7.056188225333333,7.902867212,9.3664573095,7.520516049,6.536428071,6.362296752,7.210985227,6.695175954,8.798974872,8.9403276095,9.930775205,6.58749831,7.17685406,8.016040512,6.284349027,8.446638798,8.101127641,8.188448126,6.033635654,7.878789204,6.992969175000001,9.849641922,10.10449022,8.672089613,9.456418318,5.302562671,6.4914012415,10.52827847,11.04955731,7.15140571,8.636945366,10.08795687,9.4186629865,6.119733282,10.834021660000001,6.948990632,7.812209641,11.005091395000001,6.749988707,5.729348213,7.757059156,8.747535568,9.929947586,7.1021770244999995,6.430505486,9.212365657500001,7.406598589,10.56887799,6.605724804,9.0393168155,8.395383665,8.591738678,7.77165397,10.11459454,7.841600516,7.153452758,5.697305667,6.543991152,8.936540286,6.338688573,7.154745645,8.11508002,7.5333951814999995,6.099194175,6.357982368,7.173872951,6.578242895,8.431447654,9.321278385,7.007403195,7.9335975175,6.468018994,10.0620539,9.842957994,7.1341459515,7.24808493,7.0262688954999994,5.908866915,7.157794533,7.295345373,6.725217797,11.10042001,6.037778622499999,8.794343957,9.081808928,Control
GSM1033243,6.279726582,7.463460488,7.256418743,8.370125562,7.49540791,6.259439668,7.7916679769999995,11.17105415,5.893531192,7.864505605,6.902669387,6.206013608,7.963213161,7.737396595,7.579583918,8.935028176,8.797585525,6.116502657,7.73980755075,10.832839786,9.149091033,10.82542434,10.9225039445,7.638729941,6.462235851,8.091105499,7.533953067,8.042951027,6.826792588,6.874756379,5.264716439,8.073166124,9.236519814,8.121421315,7.195143887,7.07045725,6.739822278,6.316850492,8.649976407,10.13751935,12.22656376,10.35932255,7.371728685999999,7.7027708705,6.251555284,8.383875752,6.562195272,8.350362817,9.777769357,9.134114465,7.115189972,8.970884514333333,9.285009944,6.057332108,6.936813393,9.68174796,9.110475727,10.16815453,8.5641948735,7.2632278,8.150403798,7.062892506,9.237160498,8.303163612,5.849255821,6.764481797999999,8.343657804,9.6531462075,6.824165928,6.400406138,6.654834643,7.328619677,7.166957862,8.820080429,8.5989627825,10.188229,5.766977242,6.596445218,8.560911689,7.35929087,7.669866841,7.313704657,8.235646157,6.2077042415,7.89540434,8.346102987,9.015512111,9.57173379,9.563688732,8.671280545,5.497568778,6.333453164,11.27027014,11.23236219,7.949917084,8.459050008,10.36814165,8.4874264615,5.915964686,9.696983559,7.522829739,8.648724929,10.0801159115,7.409751285,5.786299162,7.657741763,8.023446354,9.161521788,7.121324158,6.566194963,9.092392771,8.100158905,10.49803191,6.97820463,9.1915181625,7.699019338,8.247124513,7.3924056,9.569049807,7.884885749,6.927655245,5.720809606,6.651522347,9.75134843,7.383985909,6.967394656,8.785863305,7.547103938,6.592072326,6.108527166,7.322572595,7.313448353,8.859649111,8.229276708,6.404174614,7.763741893,5.702031086,10.26579508,10.09274299,6.7871888355,7.989192561,6.840186237499999,6.5234484015,7.181012836,7.381343104,6.900582168,10.11630996,5.730782025,8.989671373,9.073147454,ASD
GSM1033244,6.472409152,6.897833851,7.479828811,8.293246905,6.724543108,6.649634494,7.154684189,11.28889019,6.204240599,7.740942838,6.502298487,6.261647386,7.564944709,8.087525127,7.738538281,9.478791903,9.629153054,5.652307802999999,7.8862298075,11.0822462715,8.91575965,11.42622361,11.217248925,8.42114706,6.151970014,8.458366924,7.640217383,8.118061664,7.137959537,6.762170149,5.409353346,8.965354173,9.461566268,8.020493619,7.001104922,6.559439612,6.603178932,6.740696321,8.978696739,10.11459454,12.426723405,10.05059931,7.3259367695,7.052249016999999,5.971399194,8.286714277,6.707511577,8.850514905,10.88098095,8.672984727,7.349861875,8.731162433666666,9.163230308,6.08215805,7.478496399,9.189200468,9.473594124,10.89873708,8.930455822999999,8.215510597,8.6749497415,7.613661421,9.910604103,9.141370084,6.21740274,7.097921621333334,8.196402152,9.615917613499999,7.127034919,6.596445218,6.301277691,6.664037078,6.64838952,8.531847182,8.8825595665,10.12481545,6.71011354,7.206921795,8.086574381,6.878619353,8.357428838,7.910222198,8.203763089,5.8983237719999995,7.966333342,7.2771384585,9.896205527,9.967361797,9.282691835,9.323563169,5.140191461,5.6400041045,10.73949045,11.03865295,7.289111741,9.251496039,10.53998828,7.779814063750001,6.286773055,10.494234705,7.411340644,7.79180931,10.884030618499999,6.842207054,5.482264872,7.293835431,8.638128423,10.24316253,7.515498181,6.337305503,9.406664239000001,7.829853517,10.38734667,6.84896608,9.333278767500001,8.167116859,8.470202797,8.304933042,9.80575577,8.496188566,7.038057423,5.780244901,6.691811235,8.444014817,6.471994979,7.38424541,9.01799538,7.6448137605,7.231400652,6.797976556,7.488105583,7.101398242,8.583173107,9.126806982,7.095097009,7.200320700000001,6.147425764,9.381964922,10.28806825,6.9391217114999995,7.305325472,6.945291897500001,6.8149516425,7.040021152,7.774426263,6.838739667,11.24477487,6.098533716,9.087222702,9.555172624,ASD
GSM1033245,6.522308002,7.51523929,7.059562295,8.00583667,7.044932045,6.811713639,7.656413349999999,10.89019056,5.993635558,7.725970469,6.633790865,6.776978333,7.579858426,7.79787434,8.085209308,9.218345925,9.33452667,6.1217904615,7.88582176975,10.6713867955,8.8654403,11.62571595,11.281692191000001,8.138839363,6.078207821,7.868182718,6.777200839,7.914091808,6.834966394,7.310119375,5.203793988,8.492339001,9.322414839,7.667057507,6.8337148165,6.424389007,6.712230006,6.35846224,9.145277232,9.545015493,12.616946475,9.959725022,6.897036558,6.662963985499999,6.135640143,8.134227152,6.751097086,8.4607293,10.17486357,8.848181056,7.206921795,8.564382867666666,9.584971119,5.88411206,7.116182711,9.292705772,8.962541472,10.20166414,8.69715985,7.906243362,8.0573837955,7.39264975,9.40307893,8.328934414,6.065516535,6.476705629666667,7.749776384,9.3497630505,6.854712041,6.511807161,6.179998906,6.263996147,7.366206788,8.933000689,8.6414448725,10.0620539,6.378100135,6.796345872,8.323049791,7.892886885,7.842864163,7.923189543,8.303485277,6.1811910945,8.197145479,6.1536306935,9.296302669,9.809483708,8.697441119,8.740189136,5.173489334,6.4302818725,10.77165629,12.49820706,7.352962441,8.32226715,10.44514792,7.880933828,6.294419689,10.19338801,7.840044933,8.224235123,11.05281115,7.011877914,5.996120258,7.469300911,8.030650928,9.663312666,6.812538126,6.386296663,8.706356232000001,7.6183624285,10.47856576,6.887991587,9.2631844105,8.220434366,8.548382484,7.246789504,9.799127942,9.384528614,7.075998939,5.382572795,6.924883761,9.267865335,6.841754849,6.986731645,8.120373459,7.0585502925,6.407050712,7.292268818,7.252260877,6.864323811,7.788013949,8.629632378,5.642760348,7.7635988575,5.474229769,10.0704249,9.490398219,6.7477954454999995,7.37562957,6.597706491,6.4639790665,7.265042342,7.181717318,6.263463575,10.6380553,5.450132158000001,8.819161157,8.956048642,ASD
GSM1033246,6.258100421,6.919540631,7.109860879,8.093684074,7.768368337,6.254920717,7.629170947,11.09029862,6.005850097,7.83491045,6.715696193,6.140077404,7.628573897,7.902867212,7.458830975,9.760354411,9.172156357,6.4003761595,7.964645613,10.7584489485,9.062329305,10.97312972,10.9790372985,8.010791457,6.329815474,8.228594831,8.069820726,8.003235934,7.292550195,6.718286147,5.424119152,8.483363112,9.706593788,7.96972232,6.965107677500001,7.310119375,6.372175947,6.550576476,9.240160717,10.51564928,12.57597862,10.43607039,7.0824218565,7.7255727015,6.089431598,8.856304112,6.962827334,8.638481402,10.25374668,8.674962388,7.00223527,8.761728995333334,9.677382952,6.500815998,7.343882083,9.281391263,8.781987066,10.29941113,8.843640346499999,7.612291488,8.169313743,7.527966826,9.255522817,8.355262636,6.169837208,7.330520657,8.575633586,9.980458213,7.226337003,6.438639155,6.675687519,7.164556346,7.46841034,8.995019082,8.966833827,9.725066817,5.664025859,6.913578164,8.538813261,6.592647984,7.988870162,7.707259191,8.641731321,6.210670923,7.677444653,7.769992624,9.174297536,9.893060793,8.878992985,8.581674909,5.28634303,6.6724804615,10.82666563,11.34706545,7.622559739,9.54145092,10.81723575,9.594522579,6.047807538,10.0028083545,7.162902072,8.364477721,10.998449075,6.970213475,5.353756118,7.507512642,8.127832596,9.471524497,7.409426128,6.259630505,9.396862101,7.5305698555,10.56887799,7.014672445,9.324647133,7.937532551,8.432252387,7.038057423,10.05677052,7.590746074,6.900139538,5.915203094,7.001249736,8.978696739,7.045895153,6.731100531,9.043971751,7.457550456,6.830354749,6.492021046,7.632419037,7.016330001,8.301299483,8.720608374,7.052521389,7.1659072219999995,5.788763042,9.765434027,9.732506477,6.830981833999999,7.710476281,6.57171619,5.7092312755,7.709016471,7.378714869,6.067457077,10.64535163,6.402857603,9.214392913,8.436127414,Control
GSM1033247,6.169539601,7.005220687,7.296633525,8.456324544,7.441117523,6.142560773,7.7354440445,11.26797453,6.114532221,7.843165316,6.798837579,6.36121004,7.342108751,7.8355088,7.401922678,9.64365903,9.250385372,6.220491855500001,8.00442007325,10.829395928499999,8.902004197,10.98680556,11.400956891,8.020852056,6.407748648,8.04262827,8.127832596,7.969989679,7.178374805,6.708994932,5.411684409,8.458366924,10.03163836,7.751420327,6.489809210500001,8.925774674,6.961385515,6.334739829,9.485491753,9.997946373,12.679923995,10.53183254,7.2292442005,9.263310776,6.178489697,8.63613115,6.97797322,8.310425893,10.24223762,8.434520623,7.115687398,8.990523735666667,9.825145832,6.191158544,7.349094705,9.276509053,8.790037523,9.95477957,8.783079717500001,8.291095401,8.159357115999999,7.299741893,9.2434742,8.674962388,6.17588649,6.822792908666667,8.164128274,9.879351373999999,7.12325719,6.467103459,6.777831554,9.235406226,7.37615861,8.733308698,8.7553974325,9.650072976,6.389466749,6.864958444,8.057725711,6.654035139,8.086862067,7.615957412,8.257535103,6.552132687,8.045960576,7.85483456,9.420071893,9.705944052,9.207577748,8.653565952,6.133135641,6.597028420999999,10.43395214,11.51264733,8.268414093,8.650680073,10.35418626,9.24888794675,5.830707319,10.065626435,6.92224616,7.481141936,10.874702150000001,6.963263853,6.069647835,7.333570168,8.236676902,9.513007391,7.7145775765,6.267910264,9.965674352,8.074317124,11.24477487,6.749780774,9.087652524,8.149475848,8.133254086,7.781417849,9.824323213,8.659677391,6.953958189,6.63750574,6.896243136,8.43300406,6.879732703,6.764396583,8.922719622,8.488721034000001,6.545486915,6.267555729,7.395239876,7.117960478,8.652637902,8.563346549,6.834079664,7.765843030499999,6.702575356,9.934164168,10.72131114,8.015518657,7.24627138,7.492737028500001,6.444800793,7.522213326,8.583892397,6.643575055,10.56430748,6.5696448695,9.030767317,9.100247037,Control
GSM1033248,6.573714024,7.141628731,7.379555743,8.197817892,7.435817217,6.564008126,7.5298184975,11.29077073,6.280244329,7.847108225,6.608579431,6.380758626,7.460681336,8.222897429,7.717210147,9.265367317,9.519553805,6.340370514,7.9914479704999994,10.7380772005,9.041122244,11.42622361,11.283575289,7.8443896,6.346936883,8.05210671,7.542637997,7.934362618,7.382876792,6.87904112,5.190263609,8.590933923,9.683068808,7.762103233,6.887832438,6.99261712,6.814391634,6.327193047,9.14194045,10.24501781,12.63340355,10.19005838,7.185726955,7.4455950845,6.137315086,8.447833016,6.835414665,8.646752331,10.46944842,8.340930387,7.249524962,8.794128803333333,9.901808826,6.015496363,7.584119008,9.037006792,9.426427646,10.42520095,8.992873708,7.531254422,8.3418175125,7.16672962,9.525567042,8.782468031,5.978538825,7.004991212333333,7.852835205,9.421172686,7.014924577,6.285911712,6.454243709,7.241234937,7.144211518,8.835491006,9.107910011000001,9.457614147,6.615364938,6.670387391,8.252990153,7.615682671,8.274540034,7.740077769,8.324863889,6.4951796285,7.882071638,7.154100467999999,9.767675243,10.03621946,8.841465529,9.432794417,5.370566987,6.5114527795,10.5725386,11.10042001,7.527188167,8.516326382,10.49458715,8.27938949275,6.022793782,10.398485345000001,6.859845994,7.705720932,10.975930056500001,6.932115101,5.675642007,7.442415379,9.097513281,9.776937704,7.0630142540000005,6.329079938,9.2909383775,8.035976243,10.60000413,6.587688072,8.8392793145,8.194249339,8.276086225,8.347337482,10.32013912,8.461483946,6.786698183,5.957148282,6.668828968,8.955557656,6.426608489,6.87949928,8.679557642,7.057335137500001,7.021143918,6.251719339,7.412391504,6.481707963,8.243506803,8.775130863,7.707857774,7.9382745974999995,6.403237807,9.661116426,10.22627908,7.382558384,7.214723212,7.5038742275,5.8346657925,6.872955357,7.597250582,6.849654724,11.00016243,6.2619823624999995,9.106469584,9.248571131,ASD
GSM1033249,6.571717797,7.240744762,7.387879146,8.163768078,7.245032611,6.506595194,7.5502528054999996,11.03554198,6.308395354,7.65954871,6.570910848,6.220340026,7.715690122,7.902514094,7.543240982,9.455062572,9.658328648,6.149546506,8.03418759125,10.749207322,8.989166334,11.22094898,11.233633168,8.0942965,6.230930781,8.207832278,7.350659832,8.000353676,7.108644662,6.697720736,5.629047725,8.772931084,9.702322975,7.971578068,6.849811455,6.477809144,6.659101149,6.532955849,9.062329305,10.08007617,12.475886415,10.32343186,6.9460990895000005,6.7094235295,5.935285851,8.335259953,6.566798714,8.518710206,10.50277492,8.99256793,7.128502311,8.487719132666667,9.332760377,6.195025671,7.335092163,9.146796914,9.167656064,10.34606503,8.778811102,7.549044007,8.214535691,7.455485692,9.389997526,8.473172027,6.135950018,6.6853305616666665,8.190956381,9.7921588365,7.472003212,6.375422619,6.313837156,6.377933483,7.260328982,8.8654403,9.0874585255,9.883305143,6.605954837,6.985187989,8.450299689,7.771367043,8.287419872,7.817121984,8.465671963,5.630949414,8.412042744,7.589467567,9.253765087,9.71674399,8.876686215,8.90483972,5.131411951,6.409506322,10.56430748,11.66938314,7.485008247,9.366823733,10.70493167,9.35190593925,6.208485449,10.26132772,7.205805638,8.432616063,10.721984188,7.030034973,6.010897006,7.195247843,8.459503959,9.974919875,7.3865055505,6.249252648,8.739515317,7.439970907499999,10.34066644,6.764396583,8.842075932,8.175323471,8.592524061,7.331973547,9.659638945,8.068508843,7.463754575,5.491670216,6.733772225,9.207117557,6.60456111,6.955890468,8.531847182,7.0891547425,5.733976352,7.039765659,7.396049564,6.718900621,8.24915119,8.971627968,6.989423297,7.87211349,5.893065932,9.900238169,10.77700284,7.205541855,7.68671078,6.4189073035,6.551167105999999,6.607137938,7.044932045,6.369977853,11.09702611,5.5041971585,9.252081218,8.93747805,ASD
GSM1033250,6.438081695,7.390741302,7.510907882,8.435283588,7.295345373,6.397382584,7.6577443574999995,11.14714356,6.17064278,7.671804163,6.988192902,5.900245448,7.291446061,7.749524589,7.624555832,9.780772679,9.302742875,5.963742708,7.778786863,10.997832689,8.921966461,10.89019056,11.208351457500001,7.898487342,6.453725562,7.816804711,7.5983766170000004,8.229276708,6.963263853,6.989423297,5.423445497,8.504330018,9.53252142,8.029625415,6.7843128754999995,8.135106906,6.7560248,6.579358447,8.202055022,10.69828719,12.423177545000001,11.39731141,6.9110134695,8.678749060000001,6.093477283,8.767587723,6.830844039,8.473578368,10.05848943,8.814308476,7.411044193,10.020514340333333,9.3075286,6.415179484,7.505144226,9.33156187,8.913365537,10.26384028,8.607738166,8.408646059,8.045746504,7.579583918,9.759665853,8.922719622,6.721564412,7.216793467333334,8.845379508,10.0859564215,7.097533622,6.917268639,6.469154734,8.438400098,7.413185492,8.625961158,8.561253538,10.62378287,5.979088072,6.889086667,8.773767337,6.354633157,8.199525129,7.634960281,8.501609949,7.362590239,8.116459628,6.9883247265,9.828920612,9.686793189,10.11017933,9.049689438,5.877397589,6.053455641999999,10.52368441,10.65046089,7.659867527,9.424578155,11.10715144,8.17368150875,6.224946468,10.180458354999999,7.524190536,8.128514436,10.437628221,6.95301249,6.117729264,8.072862583,8.362252045,9.408151328,8.217167894500001,5.977524533,10.66785089,8.893488670499998,11.49346664,7.654255713,9.515813966500001,8.044952222,8.368954547,7.34859666,9.703752098,7.609248032,7.397389175,6.70687541,7.044461573,9.482738475,7.258541596,6.78999885,9.372929864,9.503046071,6.841310621,6.683091196,7.582421977,7.728649998,8.735449678,8.450683189,6.231249362,7.5910941765,7.161596084,10.49458715,9.82592281,8.6966063065,8.038710197,9.004037327999999,6.3698660645,7.658024559,9.517524589,6.557872811,10.7176008,7.284176544499999,9.379011424,9.223002964,ASD
GSM1033251,6.297579473,7.078763591,7.376901128,8.056028923,7.020926186,6.40848292,7.352124414,10.95693498,6.176788769,7.757059156,6.51067916,6.563150266,7.587331727,7.991096926,7.609514307,9.545633849,9.815420728,5.8384765045,8.0646574185,10.9742629555,8.852922712,11.02486504,11.291200522499999,8.329342062,6.233607165,8.531456065,7.649036153,8.241442956,7.501460664,7.079026877,5.64473855,8.694055158,9.8465495,7.742811761,7.028927813999999,6.610575716,6.609151095,6.487941598,9.488916643,10.11536476,12.660266405,10.22725436,7.711355195,6.9775942660000005,5.687820858,8.666920461,6.765454729,8.386533831,10.76065604,8.793073925,7.193991027,8.66811924,9.68174796,6.272922099,7.518610604,9.237810364,9.245692439,10.63229908,9.000292851000001,7.856784011,8.509357725,7.777196396,9.520320228,9.065507562,5.715905771,6.939199897666667,8.038710197,9.919756265,7.471012689,6.803085285,6.511617174,6.609968517,7.188983967,8.978696739,9.1835635925,9.99542967,6.694930359,7.017813802,8.318431876,6.714676738,8.171854818,7.781145446,8.170896639,5.9310236725,7.670481854,7.027948905,9.776190769,9.918812799,8.875786439,8.800296819,5.067227491,5.881171073,10.6188607,11.73564058,7.267593058,9.19776778,10.82133624,9.10744329325,6.460375003,10.4161123,6.939046583,8.031585346,11.128088685,6.593027328,5.744531585,7.205335663,8.556939654,10.21171632,7.475852275499999,7.263717085,8.895173782,7.3453855665,10.58611633,6.937044262,9.021776647,8.257152232,8.649510731,8.1064102,9.425184923,8.607356752,7.003146729,5.475377669,7.023572879,8.861660081,6.341492904,7.065654882,8.726284748,7.0686487125,5.932182242,6.313464682,7.381343104,6.300944804,8.019886364,8.909618259,7.101157567,7.7540280865,5.843080703,9.529894363,9.466476997,6.785299585,7.304764209,7.0045342945,5.798823667500001,6.742360893,7.115932464,6.131912846,11.32910026,5.629807568,9.488284025,9.210468921,ASD
GSM1033253,6.542830024,7.126102116,7.388898754,8.791718026,7.139697198,6.523262537,7.756231541,11.23945756,6.26043036,7.755486138,6.579358447,5.998720835,7.439009043,8.129539348,7.360299632,9.848059221,8.810820353,5.8303173225,7.9293392895,11.1984975165,9.33452667,10.79615527,10.811762179999999,7.701609289,6.801265046,8.220434366,7.582421977,7.89540434,7.110825606,7.055856917,5.99377408,8.442472564,9.724391436,7.848012316,6.8303464155,7.507776852,6.878810288,6.466582367,8.673345902,10.85662147,12.404392405,10.63913714,7.050202565999999,8.191899674,5.894670036,8.985701545,6.550011901,8.538125085,10.10541314,8.62680045,7.390214043,9.412046296,9.192593476,6.298083671,7.231902218,9.591148911,9.420740083,9.66825508,8.922137245,8.062295711,7.9778410455,7.593838048,9.594507066,8.981199633,6.522869244,7.875175871333333,8.26132883,9.6879547325,6.832348182,6.799065486,6.975527986,7.91938456,7.474695557,8.692192783,8.23406757,10.42836521,6.069929559,6.748260778,8.777328232,6.419012498,7.914091808,7.217823154,8.333445055,6.876683883,8.494348108,7.098291462500001,9.821881492,9.394903059,9.828062568,8.85148542,5.458877711,5.9709428970000005,11.13700034,10.99874286,7.927985582,8.929709358,10.8200141,9.886261587749999,6.141059355,9.761884699,7.189462254,7.628855106,10.231436816999999,7.009512536,5.874006533,8.054727599,8.542307198,9.151897252,7.671766527,6.625861548,10.034122274000001,8.5351086545,10.8412934,6.941873149,9.086395085,7.695324079,8.283527138,7.756456708,10.22817938,8.418849271,6.90433979,5.947572971,7.004504789,8.207168267,6.731337119,7.057720758,9.220645465,8.26898026,6.96619591,6.815516124,7.534239982,6.983460408,8.916775932,8.312644942,6.436034024,7.139620338,6.686999246,9.935802696,10.42198429,7.9608421924999995,7.443829418,8.126165206,6.7873736575,8.199525129,8.505806861,6.552733558,10.4764224,6.7372236144999995,9.502641649,8.621968297,ASD
GSM1033254,6.63807184,7.278161953,7.385009737,8.064914344,7.103342328,6.737376088,7.738260004,11.35689837,6.183931529,7.838267623,6.70687541,6.060815752,7.633501496,8.25506332,8.572192735,9.239543522,9.968211518,6.066855126,8.160621324,10.792891519000001,9.19991286,11.57963104,11.628808156,8.777328232,6.356730126,8.406414508,7.017311899,8.252990153,7.79086131,6.957739005,5.78538063,8.548382484,10.14698306,7.629145437,6.4686385665,6.442653014,6.866772854,6.453528344,9.595203978,9.860647261,13.170257294999999,9.977617007,6.652431882,7.037381448,6.317531253,8.277543161,6.449482511,8.678736551,11.00904178,8.592172924,7.188274359,8.311311886666667,10.08973637,6.133575206,7.472003212,9.352948559,9.059248156,10.49107144,9.3640420005,7.998658307,8.193744691500001,7.625680315,9.459580019,8.548799726,6.153232702,6.871406651333333,8.101461476,9.5481063135,7.241976655,6.554766001,6.339079384,6.623044175,6.830844039,9.043410832,9.021313218500001,10.00707311,7.244052768,7.476843206,8.439168999,5.7630892,8.459503959,8.326318447,8.324863889,5.8313264225,8.586172918,7.0742727245,9.302221546,10.39638411,8.688863981,8.788691433,5.225594437,6.484262375,10.84249131,11.54858729,7.084699405,9.314035043,10.11017933,9.5928634125,6.457245897,10.913451215,7.320306662,8.285317388,11.334709555,6.382919292,5.745177874,8.120081069,8.294347853,10.14321945,6.829783749500001,6.420474826,8.556322385,7.5803259555,10.44180606,6.630768647,8.9915977325,8.49041383,8.630452123,7.074161853,9.711624242,8.268036614,7.757358191,5.565606976,6.557872811,9.312805062,6.26298958,7.154492169,8.029262439,6.534569405999999,6.409982709,7.1220779,7.112336348,6.407748648,7.674751655,9.101273185,5.972704955,7.548382220500001,6.349445313,10.61305776,9.363001329,6.360673546499999,7.347783127,6.833885742,5.9405386335,6.54647237,6.656024702,6.924652108,11.39130847,5.4753728415000005,8.813002994,9.817754623,ASD
GSM1033255,6.699684582,7.192718545,7.239791085,8.049276364,6.968844065,6.881322071,7.572920636,11.32910026,6.380079401,7.854346862,6.529046759,6.445241957,7.66674757,8.241083248,7.87820175,9.391203729,9.933236658,5.9278673390000005,8.029286179,10.9363335765,9.173766938,11.53993006,11.405931693500001,8.227543635,6.421214212,8.36151336,6.917061826,8.056692148,7.582175975,6.798154525,5.80502336,8.545310838,10.05677052,7.567116683,6.8434229935,6.478196246,6.825930549,6.809503541,9.157531172,10.27595078,13.037324475,10.17592479,6.841524558,6.736134299,5.787603117,8.66961696,6.489465537,8.527896344,10.52368441,8.73840038,7.161031885,8.508495201,9.892232545,6.253554214,7.393903198,9.290221428,8.831797396,10.62983174,9.0865872525,8.096295628,8.370838511,7.67563251,9.578052448,8.553868764,5.744616786,7.0625434023333336,8.243506803,9.790080837,7.294792063,6.609749513,6.786484764,6.581631989,6.926335267,9.226268969,8.8857026145,9.807314901,6.997171293,7.266070784,8.402961389,5.460315294,8.383153191,7.915037024,8.459503959,5.689151351,7.864785785,6.3917290575,9.57173379,10.36607127,8.892078412,8.457977868,5.146143294,6.14581592,10.64923317,11.98353996,7.235776042,9.385832443,10.78790257,9.42359378725,6.32231265,10.444950760000001,7.055856917,7.902867212,11.288891360000001,7.016850151,6.316320496,7.380540736,8.264663764,9.807946176,6.9240581685,6.750601,8.719168426,7.4959636634999995,10.36814165,6.830354749,9.101266965,8.412815889,8.690488196,7.289111741,9.970670018,8.658841073,7.11181324,5.492415407,7.048542637,8.429812577,6.390753108,7.170440498,8.136844211,7.0180858695,5.98423674,7.280131303,7.49821954,6.592072326,7.919732986,8.732382721,6.55868041,8.3271390815,6.005850097,10.19877907,10.00707311,7.081754181999999,7.438228855,6.441449104,6.42683356,6.869992495,6.969525949,7.456017846,11.01522205,5.582208624,9.274106906,9.422069445,Control
